Cluster,Pergunta,Palavra chave,Score
78,fazer alteracao limite operacional cambio cliente,operacional,0.6149259758614736
2,quais coberturas seguro auto,seguro,0.6493747535505315
6,cancelar seguro protegido cheque especial,seguro,0.5699184548693033
30,solicitacao estorno seguro cartao protegido,solicitacao,0.632155415299251
66,endosso seguro carro,seguro,0.7765167908663235
79,cadastrar cliente pessoa juridica operar cambio,pessoa,0.47683229464403803
7,pode usar cpf celular,usar,0.6417505978584225
1,cliente atrasando mes seguro fica inativo,seguro,0.4948268357193478
47,carencia morte natural seguro vida,vida,0.5908818525911607
1,faz autorizar seguro internet banking,seguro,0.5436078121773052
32,enviar ordem cambio,ordem,0.7745085899098744
71,fazer alteracao seguro patrimonial,seguro,0.6207873448875408
8,passo passo envio cambio app,passo,0.8375597110736004
47,carencia seguro vida,vida,0.8778770598068079
34,realizar endosso seguro,seguro,0.7202273220540799
32,consultar liberacao ordem pagamento cambio,pagamento,0.6111556634313836
38,consultar seguro cartao,seguro,0.7468950942842963
43,preciso imprimir proposta seguro,seguro,0.6846704220289171
56,recebimento cambio fechamento,recebimento,0.6865852112653257
62,abrir chamado seguro,seguro,0.7289682223207494
2,quais beneficios assistencia horas seguro auto,seguro,0.5527662031434635
49,efetuo vinculo cartao adicional cpf cliente,vinculo,0.5513057273416837
1,seguro indevido contestar,seguro,0.7256079694798279
72,cancelamento seguro debitado,seguro,0.7699376546064074
59,valor maximo valor segurado seguro,valor,0.7099521335037267
1,alteracao dependente seguro,seguro,0.7835501572395333
62,abrir chamado sobre seguro nao debitado,sobre,0.5306895812010436
24,solicitar segunda via apolice seguro,via,0.5447048874207087
65,regras seguro vida empresa,vida,0.7620162551052805
67,solicitar apolice seguro auto,solicitar,0.6865262607234203
3,assistencias seguro residencial,seguro,0.8303396209125387
28,seguro auto central atendimento,seguro,0.6791457588961599
16,consultar proposta seguro cancelada,seguro,0.7227507218962439
10,cancelar seguro cartao credito,seguro,0.67516926762099
12,sinistro,sinistro,1.0
78,cadastarar cambio,cambio,0.9426503083061593
41,contratar seguro vida autonomo,vida,0.8216497320771827
1,cotar seguro agricola,seguro,0.7147161323243633
5,cancelamento seguro vida socio,vida,0.74413090104277
42,liberacao investimento contrato cambio,liberacao,0.6048852021004917
20,seguro cliente nao debitando,seguro,0.7456774946532898
56,fechamento cambio regularizado,regularizado,0.7850592454809251
10,cancelar seguro,seguro,0.9333222901041052
10,cancelar seguro feito previdencia,seguro,0.6874958103891142
71,contratar seguro patrimonial,seguro,0.7394068164945777
25,seguro protecao vida acidente pessoais,vida,0.6651485197804468
25,quais coberturas seguro acidentes pessoais,seguro,0.5110389735023474
1,cartao credito seguro nao correntista,seguro,0.7121423885714475
73,seguro auto liberty convencional,seguro,0.7302807833357421
56,consulta fechamento cambio,fechamento,0.6865852112653257
32,tarifa cambio ordem pagamento,tarifa,0.637210690315917
10,cancelar seguro vida,vida,0.7336339785205742
79,cadastrar cliente operar cambio,operar,0.6253230458000211
12,seguro protecao residencial sinistro instalacao eletrica cobre,sinistro,0.49613405751075695
13,contratar seguro viagem,viagem,0.7277396364321749
65,cancela seguro vida empresa,vida,0.8086484333833746
78,book natureza cambio,natureza,0.7032541010236706
25,quais beneficios seguro acidentes pessoais,seguro,0.5690624806537773
17,cancelar seguro pessoa fisica,seguro,0.7115267450810884
7,trocar cpf documentos adicionais,trocar,0.5748729404345069
34,realizar cambio aplicativo,realizar,0.7863240593806707
69,recebimento ordem cambio,recebimento,0.7373052454230759
49,desbloquear cartao bloqueio irregularidade cpf junto receita federal,receita,0.41985934500198563
16,fazer proposta seguro auto cancelada,seguro,0.6796730194916315
24,via apolice seguro residencial,via,0.6460729918479864
61,limite cpf desconto cheque,limite,0.5989759218483138
1,seguro dental cliente,seguro,0.8801493810811901
71,endosso seguro patrimonial,seguro,0.7063377332283042
10,cancelar seguro empresarial generico,seguro,0.6770854273575453
71,cancelamento seguro patrimonial,seguro,0.7573189673114029
5,cancelamento seguro,seguro,0.9440855305366559
12,declaro sinistro,sinistro,0.8493771164040665
32,ordem pagamento cambio,pagamento,0.6868995785962037
10,cancelar seguro cartao protegido,seguro,0.6134311820132593
37,seguro acidentes pessoais sob medida,sob,0.5536299707580655
53,envio remessa seguro,seguro,0.7096897011811241
24,solicitar via proposta adesao seguro cartao protegido,via,0.5147534795569607
3,assistencias seguro residencial,seguro,0.8303396209125387
38,swift cambio consultar,swift,0.8159788244814167
28,central atendimento seguro cancelamento,seguro,0.6636583340622227
35,taxa iof envio remessa cambio,taxa,0.5534549066116051
56,fechamento cambio internet,internet,0.7552629854072797
60,funciona campanha novembro azul seguro vida,vida,0.5032611731183615
1,trata seguro previdencia,trata,0.7410465677536694
32,enviar ordem cambio procuracao,procuracao,0.6123289123960081
67,procedimento reagendar seguro auto,seguro,0.6742367562023569
47,carencia seguro vida,vida,0.8778770598068079
38,consultar classe bonus seguro auto,seguro,0.6355654397588738
62,abertura chamado seguros,seguros,0.6269744305384533
5,fazer cancelamento seguro feito junto previdencia,seguro,0.5345751937367966
71,alterar endereco seguro patrimonial,seguro,0.6553282477859477
57,liquidacao ordem cambio,ordem,0.7562818955452428
78,servicos cambio,servicos,0.9277112926143989
50,consultar canal contratado seguro,seguro,0.6521283467394878
54,reagendar vistoria seguro auto,vistoria,0.7076216995565129
8,envio envio cambio,envio,0.9672345561517304
1,teimoninha seguro vida,vida,0.9185030012381201
38,consultar cambio cliente recebeu,recebeu,0.7555989753053562
45,tarifa cobrada operacoes cambio,tarifa,0.6035461753494391
56,fechamento cambio,fechamento,0.8936446173074342
78,fomulario cambio,fomulario,0.9426503083061593
1,estornar seguro cartao,seguro,0.8847164673665526
10,cancelar seguro,seguro,0.9333222901041052
13,contratar seguro viagem agencia,viagem,0.7254472632864152
69,recebimento cambio,recebimento,0.9031990598522613
6,cancelamento seguro cheque protegido,seguro,0.6314253968005333
8,envio seguro,seguro,0.9666173627049752
7,cpf outro vinculado,vinculado,0.6714191997590658
68,fazer transferencia investimentos cpf,transferencia,0.6163921528174843
69,recebimento ordem pagamento cambio,recebimento,0.6214299849838573
3,seguro residencial tamanho imovel,tamanho,0.6607966196114315
1,seguro cartao protegido completo,seguro,0.7715560256747127
62,abrir chamado cancelar seguro vida,vida,0.6286747450059311
16,consultar proposta seguro,seguro,0.7580708607250187
41,contratar seguro caminhao,seguro,0.8557028800342815
59,valor seguro cartao,valor,0.8048777891104619
78,fazer cambio,fazer,0.8390180387621189
36,compreende cobertura roubo furto seguro auto,seguro,0.5306124954215907
78,emissao cambio,emissao,0.9177817981068
1,refere cobranca seguro previdencia,seguro,0.6314639430243129
54,consultar solicitacao vistoria seguro auto,vistoria,0.6147006380704019
71,consigo incluir outdoor seguro patrimonial,seguro,0.5897425540178517
78,liberacao investimento bloqueado operacao cambio,operacao,0.5554675183220885
3,saber calculo inadimplencia seguro residencial,seguro,0.599559456820529
8,verificar status envio solictacao cambio areas,verificar,0.5074807191437976
5,cancelamento seguro residencial,seguro,0.7095270424941977
1,franquias seguro patriminial empresarial,seguro,0.6299787966574272
25,protecao seguro acidentes pessoais,seguro,0.5743917718498838
16,cancelar proposta seguros,seguros,0.6725674134600004
24,segunda via endosso seguro,via,0.6310731498079225
68,consigo transferir investimentos cpf,transferir,0.5569059901953
10,cancelar seguro cartao protegido,seguro,0.6134311820132593
2,quais coberturas garantia seguro protecao residencial,seguro,0.5701668201681096
43,imprimir apolice seguro residencial,seguro,0.6392683013412886
5,cancelamento seguros,seguros,0.7360463260303192
1,seguro vida pode quitar,vida,0.748759564606971
16,verificar proposta seguro,verificar,0.7415526793431807
28,central seguro auto funcinario,seguro,0.7608420802889218
68,faco transferir investimentos cpf primeiro segundo titular,transferir,0.43723959009874747
22,operacao cambio garantia investimento,operacao,0.6155820577300614
26,acionar seguro cartao protegido,seguro,0.6908604382801904
6,cancelamento seguro cheque protegido,seguro,0.6314253968005333
13,solicitar seguro viagem cartao,viagem,0.681072595220557
5,fazer cancelamento seguro vida,vida,0.6323547186146504
65,endosso seguro vida empresa,vida,0.6389942805164593
1,franquia seguro patromonial,seguro,0.7200843433269511
1,publico alvo seguro,seguro,0.7003685083033729
72,seguro debitado conta nao consta cnpj,seguro,0.555742256446405
66,possivel contratar seguro carro debito ocorrer cartao credito,seguro,0.5203346632452635
61,valor anuidade cartao platinum,valor,0.6083349734063952
6,seguro cheque protegido,seguro,0.7441494809600826
6,cancelar seguro cheque especial protegido,seguro,0.5699184548693033
8,envio cambio,envio,0.8854089202206704
34,endosso seguro,seguro,0.9589168234017476
7,resolver cadastro cpf ocorrencias especiais,resolver,0.5354100571972137
44,realizar cancelamento seguro plano odonto,seguro,0.5992739669247966
56,aumentar valor fechamento cambio recebido canais,valor,0.48792348358087456
73,limite quilometragem guincho seguro auto,seguro,0.630960631276463
30,atendimento zurich seguros,zurich,0.6544440853868224
17,cancelar seguro cartao pessoa juridica,seguro,0.622663912740618
63,seguro perda roubo cartao,seguro,0.6575101280178591
63,cartao cancelado continuou tendo debito seguro cartao procedimento,tendo,0.47490905976557557
1,impressao apolice seguro,seguro,0.8371984555291446
38,consultar seguro vida,vida,0.7808389973230387
40,cpf consta data base consignado,data,0.4950886609350074
43,imprimir apolice seguro auto,seguro,0.6689156394576998
1,tel seguro vida,vida,0.9103319776950638
72,seguro auto efetivado nao debitado,seguro,0.6555420477120302
48,caso receber seguro dependente menor,seguro,0.5619806128020518
8,iof envio cambio,iof,0.739111202881626
5,quais motivos cancelamento seguro,seguro,0.7821171167409813
70,seguro vida beneficiarios,vida,0.8746328923055395
1,localizar seguro vida,vida,0.8890243308553493
42,seguro protecao contrato contratar,seguro,0.6360592317444096
10,cancelar seguro,seguro,0.9333222901041052
3,seguro protecao residencial cintrata ata idade,seguro,0.555992560850533
2,quais coberturas seguro,seguro,0.7264232920765769
33,codigo campanha seguro auto,seguro,0.7269761759457771
54,cliente seguro cancelado falta vistoria,vistoria,0.6199921720169421
5,realizar cancelamento seguro residencial,seguro,0.6477572581407927
25,seguro protecao vida acidente pessoais,vida,0.6651485197804468
10,cancelar seguro cartao protegido agencia,seguro,0.7212411719545592
10,vou cancelar seguro,vou,0.8951537042034017
78,efetivar cambio,efetivar,0.9277112926143989
21,endosso seguro vida faz,vida,0.77474801116383
2,quais coberturas seguro cartao,seguro,0.6496516651515847
2,coberturas seguro protecao familiar,seguro,0.6835987829636715
11,cliente pode fazer seguro vida empresa inclui parte funcionarios,vida,0.4667051212877779
7,cartao debito emitido cpf divergente nome,nome,0.5262350426470076
70,alterar beneficiarios seguro vida,vida,0.727686154036662
51,seguro vida auxilio funeral familiar,vida,0.5874221768471009
41,contratar seguro,seguro,0.9500039694608562
61,desconto seguro auto,seguro,0.8544191936708336
6,cancelar seguro protegido cheque empresa,seguro,0.5499631713357164
34,realizar endosso seguro patrimonial,seguro,0.5921863741014195
40,cpf consta base dados,dados,0.5469886994314492
10,cancelar seguro protegido,seguro,0.7211956670043148
20,saber nao debitou seguro cliente,seguro,0.5821027741036451
42,reimprimir contrato cambio pronto,reimprimir,0.6280862597450442
69,recebimento cambio procuracao,recebimento,0.71174955864305
41,passo passo contratar seguro cartao completo,seguro,0.851091719169861
16,imprimir termo proposta adesao seguro cartao,termo,0.5731237687393838
67,quais categorias veiculos restritas contratacao seguro auto,veiculos,0.5033807723372681
78,consulta liquidacao cambio,liquidacao,0.6912623493871904
49,excluir divida cpf,excluir,0.705943558354942
34,realizar cambio,realizar,0.8794744205462909
10,cancelar seguro vida empresarial,vida,0.7406671014241122
30,solicitacao estorno seguro,solicitacao,0.7496974516460619
13,cartao isento seguro viagem,viagem,0.7909099710060713
5,cancelamento seguro cartao protegido,seguro,0.5945456535884338
28,central cambio funcionarios,funcionarios,0.7445396018012683
10,cancelar seguro cartao protegido,seguro,0.6134311820132593
4,debito automatico seguro,seguro,0.8194403770081691
60,seguro vida novembro azul,vida,0.6661704284959272
6,cancelar seguro cheque protegido,seguro,0.6475719970757127
74,alterar data vencimento seguro auto,vencimento,0.6393914825636611
20,seguro auto nao debitou,seguro,0.7138239938298261
18,idade seguro vida seguro,vida,0.7911171191475654
41,quais profissoes podem contratar seguros,seguros,0.593068341308739
41,contratar seguro cartao credito,seguro,0.6444495350674425
58,regularizar cpfcnpj cliente status regular receita federal,status,0.41758164640758855
34,realizar endosso seguro auto,seguro,0.6466973464278933
1,conferir sorteio seguro,sorteio,0.7015227990877357
30,estorno seguro,seguro,0.9676648451303859
13,seguro viagem funciona,viagem,0.7703971461214238
78,cambio app,cambio,0.9318279401346454
8,seguro vida envio documentacao,vida,0.7808043766236427
25,beneficio seguro protecao vida acidente pessoais,vida,0.5538247712561084
5,cancelamento contratacao indevida seguro,seguro,0.7328312848712191
1,contrar seguro vida,vida,0.9185030012381201
7,cpf outro cadastro,outro,0.7258955970151244
10,cancelar seguro previdencia,seguro,0.8347133819823969
34,realizar endosso seguro vida,vida,0.6613925324126285
10,cancelar seguro cobrar prestacao,seguro,0.6669673432404178
3,cancelar seguro residencial,seguro,0.7388659044619771
78,fazer cambio procuracao,procuracao,0.7890625411344828
13,seguro viagem cobeturas,viagem,0.8448169366592158
1,temosinha seguro vida,vida,0.9185030012381201
61,anuidade platinum mastercard,platinum,0.605143115789287
1,duvida adquirir copia certificado apolice seguro vida,vida,0.4749768356149529
1,tipo seguro comercializado salas empresas,tipo,0.5090779497105511
40,cpf consta base,cpf,0.653401708231649
64,liberar guia remeca seguro,seguro,0.6162790578352573
30,declaracao inexistencia outros seguros,seguros,0.5784520732848376
7,alterar cpf,cpf,0.7752858815089245
72,seguro nao debitado,seguro,0.7185229232710992
61,descodnto anuidade cartao platinum,platinum,0.6368058053825517
78,operacao cambio,operacao,0.8753169321794937
10,cancelar seguro cartao protegido,seguro,0.6134311820132593
7,onde inclui cpf cadastro,onde,0.6362821130412013
13,seguro viagem mastercard black,viagem,0.6369993543782935
7,incluir cadastro cpf,incluir,0.6663330544130696
53,envio remessa cambio,remessa,0.6756143026869643
10,cancelar seguro cartao,seguro,0.6963388507058608
66,socio empresa pode comprar carro cpf consorcio,socio,0.5044042915944735
41,cancelar seguro acabamos contratar,seguro,0.8048079631578516
18,idade maxima pra contratar seguro vida,vida,0.5701799088645404
13,conceito seguro viagem,viagem,0.8205452742331388
10,cancelar seguro cartao protegido reconhecimento contratacao,seguro,0.6550249120691961
67,seguro auto pode ser debitaado cartao credito,ser,0.583878619108539
78,mesa cambio,mesa,0.9240759030525455
16,consultar proposta seguros,seguros,0.6482124267117148
5,fazer cancelamento seguro cartao protegido,seguro,0.5307166804185066
17,fazer seguro generico pessoa juridica,seguro,0.5493992840916749
29,quais beneficios seguro viagem cartao adicional,viagem,0.5928909257222293
69,recebimento ordem cambio,recebimento,0.7373052454230759
24,segunda via contrato cambio,via,0.5840901042934987
78,operacao cambio cheques,operacao,0.8068139706659885
1,cancelo seguro vida,vida,0.8982676085095138
9,emissao apolice seguro auto,seguro,0.7317868748112075
26,regras acionar seguro desemprego,seguro,0.6508787685732977
40,cadastro cpf base dados consignado,dados,0.4947772466466749
6,seguro cheque protegido,seguro,0.7441494809600826
49,cpf cliente dados outro,outro,0.6402908403359988
53,criar remessa cambio,remessa,0.7772400340992647
50,canal acionamento seguro protecao credito consignado,seguro,0.4959942350905072
32,localizar ordem cambio,ordem,0.7745085899098744
5,cancelamento seguro penhor rural,seguro,0.6453298535803286
23,fazer debita seguro auto conta saldo,seguro,0.5945616097627264
63,funciona seguro cartao protegido,seguro,0.735072666649734
1,alterar dados apolice seguro vida,vida,0.6423467445182386
39,data limite seguro vida,vida,0.6580236965239237
31,seguro contratado porem aparece autorizar,seguro,0.5607603595529527
7,cadastro cpf ocorrencias especiais,ocorrencias,0.6002573436831463
17,cancelar seguro vida pessoa juridica,vida,0.6316888618717403
34,efetuar endosso seguro,seguro,0.8129964526071582
78,operacao cambio,operacao,0.8753169321794937
32,ordem pagamento cambio,pagamento,0.6868995785962037
74,alterar data vencimento seguro,vencimento,0.6779980662934383
18,seguro auto idade,seguro,0.8193532315672484
30,quanto tempo estorno seguro cair conta,tempo,0.5417349662387592
21,fazer endosso seguro vida,vida,0.6560093899814139
1,cotacao seguro motocicletas,seguro,0.7841937758234033
5,cancelamento seguro cadastrado indevidamente,seguro,0.6756351943124914
2,quais seguros obrigatorios contratacao credito imobiliario,seguros,0.5705118565677977
46,proceder cnpjcpf regular site receita,site,0.5006572383187886
58,cpf suspenso receita,suspenso,0.6873430728298973
36,cobertura maxima seguro residencial,seguro,0.6550082753820302
10,cancelar seguro vida,vida,0.7336339785205742
78,consulta cambio,consulta,0.9031990598522613
50,canal bancario cambio,canal,0.740415455869562
23,alterar conta corrente seguro automovel,seguro,0.6520182390400795
43,imprimir apolice seguro empresa,seguro,0.6269190396475552
8,envio email recebimento cambio,recebimento,0.6490756980160205
31,cpf parece invalido,parece,0.7195463475930455
3,conceito tamanho imovel seguro residencial,tamanho,0.5579596377196865
67,seguro auto recusado,seguro,0.8843641912679835
13,bilhete seguro viagem,viagem,0.8205452742331388
27,ordem cambio negada devolvida pra conta,pra,0.5353114608420951
67,debito seguro auto,seguro,0.7573949676366276
66,conseguir apolice seguro carro,seguro,0.6901388388127047
78,liquidacao cambio procuracao,procuracao,0.6949179279035489
1,validade cotacao seguro vida,vida,0.7459420398617417
44,caracteristicas seguro dentario,seguro,0.7722672728606782
78,liquidacao cambio,liquidacao,0.9123707359908025
67,fazemos seguro taxi,taxi,0.7114952907969745
1,seguro condominio,seguro,0.9826366342507208
23,tirar seguro debito conta corrente,tirar,0.6584122647909807
6,aonde consultar seguro cheque especial,seguro,0.6863515388423134
6,cancelar seguro cheque especial protegido,seguro,0.5699184548693033
23,alterar cpf conta corrente,cpf,0.6120696524826729
9,quantos dias pode enviar apolice seguro,seguro,0.5183451972133836
41,contratar seguro odontologico,seguro,0.8461706508863317
78,fazer seguro motos,seguro,0.8453605847661736
39,alteracao data seguro,seguro,0.7041484886594426
25,idade seguro acidentes pessoais,seguro,0.5897454474828678
18,ate idade realizar seguro vida,vida,0.6728414586104513
66,simular seguro carro,simular,0.7519820566749632
76,quais cobertura seguro auto tokio marine,tokio,0.5738848732700692
2,quais beneficios seguro,seguro,0.7817492721291192
61,valor mensalidade cartao platinum,valor,0.6174688206516359
1,cancelametno seguro penhor rural,seguro,0.6327412090522727
10,cancelar seguro cartao,seguro,0.6963388507058608
13,cobertura seguro viagem viajante,viajante,0.7393772225700591
59,maximo valor seguro vida,vida,0.7720909913466715
30,cliente quer estorno valores pagos fatura somente anuidade seguro protegido,valores,0.4204476432959145
3,seguro residencial mora aluguel,seguro,0.6962290634162113
2,verificar coberturas seguro cartao protegido,verificar,0.6195400451406612
23,liberar cambio conta corrente,liberar,0.6811267733380421
52,refere cobranca seguro,seguro,0.7415243646852009
54,consultar vistoria seguro auto,vistoria,0.7143809964781461
1,seguro renda protegida,seguro,0.7114952907969745
26,acionar seguro vida falecimento,vida,0.76380088230436
14,colocar seguro pagar boleto,seguro,0.5956339133942269
61,valor desconto mensalidade cartao platinum funcionarios,valor,0.4829918978389653
3,alterar endereco seguro residencial,seguro,0.6800488440019754
18,idade limite seguro vida,vida,0.6603948480652303
10,cancelar seguro vida grupo,vida,0.8038401574321756
78,aliquota iof operacoes cambio,operacoes,0.6392814146505337
56,fechamento cambio,fechamento,0.8936446173074342
48,receber cambio,receber,0.9075630735130888
5,cancelamento seguro recusado seguradora,seguro,0.686686737477203
3,servicos seguro residencial,servicos,0.8373301496679865
71,solicitar seguro patrimonial,solicitar,0.7401713568758298
6,cancelar seguro cheque protegido,seguro,0.6475719970757127
65,contratar seguro vida empresa,vida,0.6455972358307974
2,quais assistencias seguro,seguro,0.8141954439121747
3,consultar seguro residencial vinculado credito imobiliario,vinculado,0.5882138868903707
56,fechamento cambio,fechamento,0.8936446173074342
2,quais coberturas seguro cartao protegido,seguro,0.5759203861491198
5,solicitar cancelamento seguro vida,vida,0.7324677003693589
56,consultar pedido fechamento cambio,pedido,0.7040774036846584
38,consultar ordens cambio,ordens,0.8406928483771043
1,ocorre teimosinha seguro vida,vida,0.6682523881961902
5,cancelamento seguro,seguro,0.9440855305366559
5,cancelamento seguro nao acatado,seguro,0.7753987973754652
10,quais canais cancelar seguro cartao credito,seguro,0.6328079526775259
3,assistencia pet seguro residencial,seguro,0.6999711579535903
48,necessario receber ordem cambio exterior,receber,0.5560531935124268
11,fazer seguro vida empresa,vida,0.6447329925013742
32,localizar ordem pagamento cambio,pagamento,0.6647578460021446
3,cancelar seguro residencial,seguro,0.7388659044619771
23,desbloquear conta corrente bloqueio irregularidade cpfcnpj junto receita federal,receita,0.37548294965984175
1,funciona carta verde seguros,verde,0.5958878656951414
1,seguro protegido moto vidaemprego,vidaemprego,0.6815455598507554
1,cotar seguro protecao empresarial,seguro,0.6960413872477826
74,alterar beneficiarios seguro vida,vida,0.727686154036662
78,email cambio,email,0.9318279401346454
32,devolucao ordem pagamento cambio exterior,pagamento,0.5597243249889838
5,cancelamento seguro renovado automaticamente,seguro,0.6554055002400854
10,cancelar seguro terceiro,terceiro,0.8703118377793271
54,seguro auto vistoria,vistoria,0.8376792591791468
24,segunda via cambio,via,0.6989677377932136
3,seguro residencial assistencia pet,seguro,0.6999711579535903
13,emitir seguro viagem cartao mastercard,viagem,0.5958296285531721
7,incluir cpf documento principal,principal,0.5644235546207885
38,consultar meio contratacao seguro,seguro,0.7452877844294201
63,seguro cartao protegido completo,seguro,0.7715560256747127
30,regulamento indicador qualidade seguros,seguros,0.5584524412235494
34,realizar endosso seguro empresarial,seguro,0.6094682429765396
20,nao debitou seguro cliente,seguro,0.6967676742343722
62,abertura chamado seguros,seguros,0.6269744305384533
44,caracteristicas seguro plano odonto especial,seguro,0.5499281033941705
13,cartao isencao seguro viagem,viagem,0.7909099710060713
33,campanha seguro auto black friday,seguro,0.630960631276463
1,contato seguro vida,vida,0.8934005581064532
71,contrata seguro patrimonial,seguro,0.8229022662480353
16,consultar proposta seguro cancelada,seguro,0.7227507218962439
65,seguro vida empresa cliente acumulo risco,vida,0.6103043673777583
75,cobre seguro contrato credito imobiliario,seguro,0.5646488137518281
41,quais canais disponiveis contratar seguro cartao,seguro,0.615406510125742
1,seguro vida inteira resgatavel,vida,0.6764591947566881
63,vincular cpf cartao credito,vincular,0.7262258476179756
48,receber cambio,receber,0.9075630735130888
56,fechamento cambio,fechamento,0.8936446173074342
12,abrir sinistro seguro cartao,sinistro,0.6581643644648189
54,consultar vistoria seguro auto,vistoria,0.7143809964781461
30,estorno iof cambio,iof,0.734671490686321
26,acionar seguro cartao protegido,seguro,0.6908604382801904
78,operacao cambio liquidar,operacao,0.7686679340355858
1,quitar seguro vida,vida,0.9038056920729503
8,seguro vida envio exame medico,vida,0.6159124005327098
78,devolucao cambio recebido,recebido,0.7139372123817844
29,seguro viagem quais beneficios,viagem,0.6642188102874215
15,alteracao beneficiario seguro,seguro,0.7142864743122498
41,contratar seguro motocicletas,seguro,0.8557028800342815
71,inclusao outdoor seguro patrimonial,seguro,0.645668683407818
1,recalcular cotacao seguro protecao empresarial generico,seguro,0.5308972344279878
30,cliente carencia contratacao seguros,seguros,0.6106015980764411
5,cancelamento seguro residencial,seguro,0.7095270424941977
41,contratar seguro cartao protegido,seguro,0.6104234155073379
38,consultar seguro trata,trata,0.8337226643827504
67,onde pegar apolice seguro auto,seguro,0.6533603890607428
13,emitir seguro viagem contratado cartao credito,viagem,0.5611436920269836
1,funciona promocao seguro premiado,seguro,0.630663025152545
33,campanha seguro auto,seguro,0.8292870392575201
71,calcular seguro patrimonial empresa,seguro,0.7192331822050164
23,descubro trata seguro sendo debito conta corrente,trata,0.5129132278186541
22,liquidar operacao cambio,operacao,0.7686679340355858
12,seguro residencial cobre sinistro instalacao eletrica,sinistro,0.528655457974815
7,incluir cpf cadastro,incluir,0.6663330544130696
6,cancelar seguro cheque empresa,seguro,0.621845154973611
72,seguro auto nao debitado,seguro,0.645462638397608
53,remessa cambio,remessa,0.8766779468514598
24,reimpressao via seguro cartao protegido,via,0.6632436428311427
1,emitir bilhete seguro acidentes cartoes,seguro,0.5439389246684561
67,quais condicoes classe bonus seguro auto,seguro,0.5438567250136295
1,seguro motoristas aplicativos,seguro,0.7200843433269511
30,estorno seguros,seguros,0.7764571515983012
1,consulta parcela seguro endosso reducao,seguro,0.5996155532821889
78,aumentar limite cambio,limite,0.7526608396175191
78,transacao cambio,transacao,0.9366519438757367
72,seguro auto debitado,seguro,0.806353740472833
54,consultar agendamento vistoria seguro auto,vistoria,0.6964596754207377
75,acionar seguro credito imobiliario,seguro,0.6312374976841131
7,acerto cpf cadastro,cpf,0.7505028063748578
38,consultar problema cambio,problema,0.8406928483771043
32,creditar ordem pagamento cambio,pagamento,0.728851160023133
67,telefone allianz seguro auto,telefone,0.6795983719848046
52,cobranca seguro vida grupo conta errada,vida,0.5909639707618081
1,efetuado pagamento seguro cartao,seguro,0.7384077992975978
29,beneficios cartao seguro viagem,viagem,0.7032296977970818
67,debito seguro vida,vida,0.7910468976316083
1,quantos creditos imobiliarios podem ser feitos cpf,ser,0.4190120590781269
1,quero saber sobre seguro dentista,sobre,0.5637337289702614
23,conta operacao cambio,operacao,0.7007712564639305
30,estorno cobranca seguro,seguro,0.7496974516460619
56,consultar solicitacao fechamento cambio,solicitacao,0.6435496621137763
51,cancelar seguro funeral,seguro,0.838179157154254
39,fazer aditamento data debito seguro,seguro,0.6869944821094591
8,prazo envio seguro,seguro,0.7548159239063794
53,quais canais cliente enviar remessa cambio,remessa,0.544226644817815
5,cancelamento seguro cartao,seguro,0.7301995182085821
36,cobertura seguro vida,vida,0.8353953352481914
6,cancelar seguro cheque especial,seguro,0.638753023315055
49,cliente cadastro outo cliente cpf,outo,0.6158276731800928
26,acionar seguro cartao,seguro,0.815303197200085
35,negociar taxa cambio,taxa,0.7644844582866568
25,consultar proposta seguro acidentes pessoais,seguro,0.5200498199115406
78,solicitar comprovante cambio,solicitar,0.7297605776331304
8,onde envio kyc cambio,onde,0.6737227680750539
75,premio seguro credito imobiliario,seguro,0.692157139958976
44,candelamento seguro odonto,seguro,0.7862478559720958
2,quais carencias seguro,seguro,0.8404704925397994
5,cancelamento seguro,seguro,0.9440855305366559
65,cancelamento seguro vida empresa,vida,0.6592454516384445
37,seguro protecao sob medida pode ser contratado taxi,taxi,0.4312211847336405
78,cambio fisico,fisico,0.9426503083061593
35,taxa cambio,taxa,0.9075630735130888
61,mensalidade cartao platinum,platinum,0.6989646019882433
78,estornar iof cambio,iof,0.7076521216132201
34,realizar endosso seguro acidentes pessoais,seguro,0.5054765956980363
23,retirar seguro cartao basico abertura conta,seguro,0.5450203028592644
56,fechamento operacao cambio,operacao,0.6936146384116798
78,fazer cambio,fazer,0.8390180387621189
32,consultar ordem cambio,ordem,0.6714921259066611
20,nao consigo identificar seguro cliente,seguro,0.6511157584585016
24,via apolice seguro auto,via,0.6755619271966905
71,assistencia seguro patrimonial,seguro,0.7650396126989916
25,cancelar seguro acidenctes pessoais,seguro,0.773802950949029
53,remessa seguro,seguro,0.9636909012713006
12,seguro auto pecas caso sinistro originais,sinistro,0.5430632748086716
45,tarifa cobrada operacoes cambio,tarifa,0.6035461753494391
6,realizar cancelamento seguro cheque especial protegido,seguro,0.4887405429904768
15,pode ser indicado beneficiario,ser,0.6155183539348043
1,conceito seguro,seguro,0.9812086210437279
12,faco abrir sinistro seguro patrimonial empresarial,sinistro,0.5237669797280537
21,fazer adesao seguro vida grupo,vida,0.6186240037981846
10,cancelar seguro cartao protegido,seguro,0.6134311820132593
16,saber solicitou cancelamento proposta seguro,solicitou,0.6617429809938374
2,quais coberturas seguro vida,vida,0.6646922420768332
63,contratacao seguro cartao credito,seguro,0.6653991702834073
19,cadastrar cliente cambio,cliente,0.7687277684077277
69,remessa cambio recebimento,remessa,0.7114217606732682
1,seguro cartao basico,seguro,0.8782956846119502
49,excluir vinculo cpf marido,vinculo,0.5902552060275561
1,seguro estabelecimento comercial,seguro,0.7015227990877357
74,apos vencimento seguro utilziar bonus,vencimento,0.562365889123322
62,prazo resolucao chamado producao seguros,seguros,0.5326703688259309
37,contratar seguro residencial sob medida,sob,0.5876322800655519
3,assistencia seguro residencial,seguro,0.8039465424402975
20,debito automatico seguro nao debitou conta,seguro,0.5472732813793625
78,consultar cliente habilitado fazer cambio,habilitado,0.712118975314051
25,contrato seguro acidentes pessoais debitar conta terceiro,terceiro,0.49396350003456635
74,alterar endereco seguro,seguro,0.777726042480402
1,verificar seguro,verificar,0.9730744389228867
30,autorizar debito automatico seguros,seguros,0.5885422833990395
11,seguro galpao empresa,seguro,0.8525257015623144
38,consultar beneficiario seguros zurich,zurich,0.6221219088719073
62,abrir chamado cambio,chamado,0.6991468946877429
65,seguro vida empresa trienal,vida,0.7620162551052805
1,opcoes seguro vida,vida,0.9103319776950638
2,quais coberturas seguro cartao protegido,seguro,0.5759203861491198
67,pode debitar seguro auto conta outra pessoa condutor principal,seguro,0.45929212665441055
10,cancelar apolice seguro auto,seguro,0.6633057943737065
47,prazo carencia seguro vida,vida,0.6661704284959272
5,cancelamento seguro residencial falecido,seguro,0.7632959835822364
10,cancelar seguro penhor rural,seguro,0.6539512493943705
2,quais coberturas seguro auto,seguro,0.6493747535505315
30,indice qualidade seguros,seguros,0.6732101775128418
12,seguro vida prazo abertura sinistro,vida,0.6008532204962025
1,alteracao dependentes seguro vida,vida,0.7808043766236427
24,via apolice seguro,via,0.748593076325909
26,acionar seguro incendio,seguro,0.7835501572395333
53,consultar devolucao remessa cambio,remessa,0.6679909343748441
48,receber cambio,receber,0.9075630735130888
26,quantas vezes cliente pode acionar seguro bolsa protegida,vezes,0.46184247365359654
7,cpf cliente errado cadastro,errado,0.6591108766527497
32,consilta ordem cambio,ordem,0.8258879960889268
24,solicitar segunda via proposta adesao seguro vida,vida,0.49003322054304094
41,possivel contratar operacao cambio app,possivel,0.6045210304888047
26,acionar seguro mastercard,seguro,0.7751313586044388
56,fone fechamento cambio juridico,juridico,0.6300491155369121
34,endosso seguro,seguro,0.9589168234017476
28,central atendimento liberty seguros,seguros,0.5574870450880783
12,verificar posicionamento sinistro seguros,verificar,0.6643491614235427
10,cancelar seguro cartao,seguro,0.6963388507058608
36,fazer seguro vida cobertura conjuge,vida,0.7041730122761309
16,prazo enviar proposta seguro,seguro,0.621346827094014
51,cobertura seguro protecao funeral,seguro,0.6290415786265038
45,tabela tarifa cambio,tarifa,0.7427488587379898
42,cancelar contrato cambio,contrato,0.776349870656052
75,acionar seguro credito imobiliario,seguro,0.6312374976841131
31,cpf consta invalido,invalido,0.6747483977897074
9,incluir eletro apolice seguro,seguro,0.7183693094427479
78,iof operacao cambio,operacao,0.7521928150778208
67,seguro auto motos,seguro,0.8843641912679835
73,contato liberty seguros,seguros,0.659010390165163
13,cartoes possuem seguro viagem,viagem,0.6578040109167688
30,cliente quer estorno gastos cartao credito ultimos meses,ultimos,0.4601883945747809
12,sinistro seguro vida,vida,0.8219991177798366
1,consulta seguro vida,vida,0.8658666660875644
78,consulta cambio,consulta,0.9031990598522613
1,efetivar cotacao seguro protecao vida,vida,0.6344939519268917
23,habilitacao conta cambio,habilitacao,0.8374831365485806
50,canal onde cancelado seguro vida,vida,0.5754419774250666
70,saber beneficiarios seguro contratado,seguro,0.5860739745064116
5,cancelamento seguro auto,seguro,0.7295752826817212
21,fazer endosso seguro patrimonial,seguro,0.6021248152507217
70,recebimento beneficiarios seguro vida,vida,0.6700212135982538
58,regularizar pessoa cpf suspenso,suspenso,0.588300377136732
3,quais coberturad seguro protecao residencial,seguro,0.6892189105140828
8,envio cambio natureza operacao,operacao,0.6891680990286545
5,seguro vida cancelamento,vida,0.7653713930977856
49,consultar rentabilidade fundo cliente cpf,rentabilidade,0.5996350097876815
78,cambio swift verificar,verificar,0.7370337790740049
20,seguro cliente nao debitando,seguro,0.7456774946532898
34,endosso seguro empresarial,seguro,0.7423961823135946
65,seguro vida,vida,0.9096800503181092
49,excluir cpf documentos adicionais,excluir,0.5767165698858938
51,cancelar seguro funeral,seguro,0.838179157154254
32,envio ordem pagamento cambio,pagamento,0.5832428491384849
20,seguro debitou conta cliente,seguro,0.7162288680421341
71,alteracao endereco seguro patrimonial,seguro,0.6316200307669708
67,consulta apolice seguro auto,seguro,0.6990377524137513
44,contratar seguro odonto especial,seguro,0.6607015437264673
5,cancelamento seguro cartao,seguro,0.7301995182085821
21,fazer endosso seguro residencial,seguro,0.606331734807239
78,taxas cambio,taxas,0.9426503083061593
53,naturezas remessa cambio,remessa,0.8053671048584953
30,estorno cambio,estorno,0.8885782937479458
63,cancelar seguro cartao protegido cartao credito,seguro,0.6857564586850604
41,contratar seguro caminhao,seguro,0.8557028800342815
41,contratar seguro auto,seguro,0.7498891550949767
33,campanha seguro outubro rosa,seguro,0.6200131804802542
32,ordem cambio,ordem,0.8549811522452966
43,imprimir proposta seguro cartao protegido,seguro,0.5790532634291655
1,efetuar cotacao seguro,seguro,0.7613945140649365
1,criar email,email,0.7071067811865475
23,consultar debito conta cliente referese seguro,seguro,0.6756343366118582
7,tirar divida cpf,tirar,0.6652544396579713
7,faco cadastro cpf documento principal,principal,0.499961361277269
35,taxa cambio,taxa,0.9075630735130888
71,coberturas seguro patrimonial,seguro,0.7024506853107677
17,cancelar seguro pessoa juridica,seguro,0.6663938242101054
71,cancelamento seguro patrimonial,seguro,0.7573189673114029
29,beneficios seguro cartao,seguro,0.847638073880684
28,contato central seguro vida,vida,0.7195862232636157
66,alterar conta debito seguro carro,seguro,0.6147729851597378
67,telefone seguradoras seguro auto,telefone,0.6943293662558656
30,fazer estorno seguro,seguro,0.7665905394518081
39,possivel agendar data pagamento seguro,seguro,0.5444446804024144
16,cancelar proposta seguro auto,seguro,0.7022926673367603
67,seguro auto franquia facultativa,seguro,0.6856868594036503
72,seguro debitado,seguro,0.9646348101570538
41,contratar seguro motocicleta,seguro,0.8678015585100667
41,contratar seguro vida terceiros,vida,0.7853154477121367
23,seguro indevido cobrado conta cliente,seguro,0.6295512621295697
19,cadastrar endosso beneficiario seguro vida,vida,0.586686282253788
18,seguro veiculo idade,veiculo,0.7496974516460619
41,contratar seguro cartao protegido,seguro,0.6104234155073379
49,cancelar nome atrelado cpf cliente,nome,0.5958938296485414
1,cartao credito pago ultimos meses somente fatura anuidade seguro,ultimos,0.40446187408944567
32,consulta ordem cambio,ordem,0.7373052454230759
30,declaracao inexistente outros seguros,seguros,0.5784520732848376
23,abertura conta utilizacao cambio,utilizacao,0.6883779196415596
53,remessa seguros,seguros,0.7571744113565811
79,operar cambio,operar,0.9099033006029205
10,onde cancelar seguro vida,vida,0.7798215615506724
54,vistoria seguro carro,vistoria,0.7159116717674537
13,valores seguro viagem,viagem,0.7908475012528049
36,cobertura seguro cheque especial,seguro,0.5825790074269845
35,taxa transacao cambio,transacao,0.7467978241747584
42,reimprimir contrato cambio pronto,reimprimir,0.6280862597450442
3,alteracao endereco seguro residencial,seguro,0.6536638336617847
40,mensagem erro cpf consta base,mensagem,0.5418232818949591
43,imprimir via seguro cartao protegido,via,0.5786913262684956
67,sei classe bonus cliente seguro auto,sei,0.5886043867808113
2,coberturas seguro auto,seguro,0.8024047583049739
67,debito seguro auto realizado,seguro,0.7776816125890842
61,caractetisticas cartao platinum,platinum,0.7522334043622745
72,seguro debitado nao cadastrado,seguro,0.720775416737326
18,idade limite contratacao seguro vida,vida,0.5558097781723967
1,excluir dependente seguro vida,vida,0.6893602555980927
6,cancelar seguro cheque empresa protegido,seguro,0.5499631713357164
17,mesa cambio pessoa fisica,pessoa,0.601562343823967
7,alterar cpf cadastro pertence cliente,pertence,0.6227668657890529
22,procedimento operacao cambio,procedimento,0.7521928150778208
78,conjunta cliente quer fazer previdencia cada cpf possivel,quer,0.45219668326272494
36,cobertura seguro renda medicos,seguro,0.6486406634576598
78,faz cambio cliente,faz,0.8262246991881972
1,solicitar seguro,solicitar,0.9704988060862163
3,efetuar endosso endereco seguro residencial,seguro,0.6137989043320973
29,beneficios seguro viagem cartao adicional,viagem,0.6411516112561865
78,codigo operacao cambio venda dolar,venda,0.5329980475304549
2,quais coberturas assintencias seguro auto allianz,seguro,0.5961230212817744
1,outubro rosa seguro vida,vida,0.6731751169991194
13,publico alvo seguro viagem,viagem,0.6343316056350876
61,consignado desconto seguro vida,vida,0.6642817462362502
18,limite idade seguro protefao residencial,seguro,0.6582737963416645
10,cancelar seguro cartao protegido cartao,seguro,0.77753633439963
6,retirar seguros cheque especial protegido,seguros,0.588959940406656
38,consultar cambio recebido,recebido,0.8159788244814167
1,contratacao seguro analfabetizado,seguro,0.8135703141949155
38,consultar dados seguro auto,seguro,0.7382792045358259
59,possivel alterar valor danos terceiros seguro auto,valor,0.5230491903684892
66,seguro carro liberty kilometragem,seguro,0.662268712328577
7,alterar documento cpf principal,principal,0.5940582438888211
1,contratacao cdc seguro bem financiado,seguro,0.5517237705954035
43,imprimir cotacao seguro realizada,seguro,0.7015470727456459
32,cambio orfem pagamento,pagamento,0.8053671048584953
69,comprovante recebimento seguro vida,vida,0.7052777565338014
30,estorno debito parcela seguro,seguro,0.6652171701563697
4,renovacao automatica seguro autorizacao,seguro,0.6046199204448046
67,seguro auto pode ocorrer debito cartao credito,seguro,0.6024925547708063
21,fazer endosso seguro empresarial,seguro,0.642076709358921
33,campanha seguro auto,seguro,0.8292870392575201
39,saber data limite seguro vida,vida,0.5670549749619711
25,coberturas seguro acidentes pessoais,seguro,0.5741788731368297
14,colocar cpf documento principal,principal,0.5901015648721274
5,cancelamento seguro cartao,seguro,0.7301995182085821
10,cancelar seguro protecao cartao,seguro,0.7026284518636633
5,cancelamento seguro agendado proprio mes,seguro,0.5598343817623807
78,fechar cambio atraves mesa cambio,mesa,0.5805234940909659
78,encaminhar cambio,encaminhar,0.9318279401346454
1,necessario assinatura cliente alteracao endosso seguro vida,vida,0.5410425125157546
59,valor cobertura seguro vida,vida,0.6429706743976517
1,efetivar seguro odontologico,seguro,0.7114952907969745
1,cobranca ndevida seguro vida,vida,0.7392012601340655
65,caracteristicas seguro vida socio empresa,vida,0.6106325539394502
23,onde altero conta debito seguro,seguro,0.6644516063637799
39,agendar data debito seguro vida,vida,0.6311070036213344
74,alterar data vencimento seguro,vencimento,0.6779980662934383
78,fechar cambio,fechar,0.9240759030525455
5,cancelamento seguro cartao protegido,seguro,0.5945456535884338
1,credito imobiliairo quantidade pode ser feita cpf,ser,0.46804433866014217
1,cancelar seguros financiamneto bndes,seguros,0.6292065794910906
61,desconto mensalidade cartao platinum funcionarios,platinum,0.5169805448566377
0,cancelar seguro assinatura eletronica,seguro,0.6942735927883685
32,fechar ordem pagamento cambio,pagamento,0.673577949120772
13,emitir bilhete seguro viagem,viagem,0.6493216444283698
3,assistencia seguro residencial,seguro,0.8039465424402975
67,debito seguro vida nao efetuado,vida,0.6874130115203577
7,fazer acerto cpf cadastro,fazer,0.6887697835044844
74,alterar nome gravame auto,nome,0.6355183827673357
41,passo passo contratar seguro cartyao protegido,seguro,0.8211996015601223
40,cadastro cpf base,cpf,0.6874058273528393
5,ocorre cancelamento inadimplencia seguros vida,vida,0.6116858971207854
12,sinistro seguro auto,sinistro,0.791438857378226
70,inclusao beneficiarios seguro vida,vida,0.7153921260754506
1,antecipar parcelas seguro vida,vida,0.6731751169991194
1,cliente contratacao seguro empresarial errado,seguro,0.6068126473374587
65,cancelar seguro vida empresa,vida,0.6793274581442916
1,autorizar debito seguro,seguro,0.8194403770081691
1,recalcular cotacao seguro protecao empresarial,seguro,0.5981952342344709
7,quantidade maxima consorcio cpf,quantidade,0.5915905884907753
1,seguro renda medicos,seguro,0.7256079694798279
12,abrir sinistro seguro,sinistro,0.7276460837712804
12,abrir sinistro seguro vida,vida,0.6719618305709669
65,realizar contratacao seguro empresa,seguro,0.6109552389958859
74,alterar data seguro residencial,seguro,0.6426086105743886
49,excluir vinculo cpf,vinculo,0.6795485725981864
10,telefone cancelar seguro,telefone,0.8644012352363145
4,vence bonus renovacao seguro,vence,0.6558895512055299
8,envio ordem cambio,ordem,0.7028181433933423
30,estorno parcela seguro debitada incorretamente,seguro,0.573183263347939
34,realizar cambio,realizar,0.8794744205462909
46,recebendo cambio,recebendo,0.9366519438757367
21,fazer endosso seguro,seguro,0.7247530092608365
67,debito seguro auto nao efetivada,seguro,0.7236991614313234
8,envio cambio exterior,exterior,0.7087272251727423
1,pontuacao seguro vida socio,vida,0.7579889403641492
32,cliente deseja devolver ordem pagamento cambio recebeu,recebeu,0.49764439682661477
30,declaracao inexistencia outros seguros,seguros,0.5784520732848376
78,conheca cliente cambio,conheca,0.8499343079802013
40,erro consignado cpf localizado base dados,localizado,0.5143251668672283
72,consultar seguro auto ainda nao debitado,seguro,0.656943805909353
21,fazer endosso seguro patrimonial,seguro,0.6021248152507217
1,efetuar cotacao seguro protecao empresarial generico,seguro,0.5184725464479571
1,cobranca indevida reconhecida seguro vida,vida,0.6055943676406706
1,cliente efetuou cancelamento seguro assim ocorreu varios debitos seguido,varios,0.4044731802247388
25,quais coberturas seguro acidentes pessoais,seguro,0.5110389735023474
36,cobertura seguro cheque empresa,seguro,0.6030495344375811
68,transferir investimentos cpf,transferir,0.6635883062260328
65,cobertura seguro vida socio empresa,vida,0.6058435950501028
39,possivel agendar data debito seguro,seguro,0.5582814615780957
67,descobrir debito seguro errado,seguro,0.6942547834339419
17,fechamento operacao cambio pessoa juridica,pessoa,0.5304602572080248
25,seguro protecao acidentes premiados,seguro,0.7265395948556744
39,possivel agendar data pagamento debito seguro vida,vida,0.49434423099750086
6,cancelar seguro cheque especial,seguro,0.638753023315055
23,consultar debito seguro conta,seguro,0.5766949131032948
78,operacoes cambio acima,operacoes,0.738321490226224
18,idade maxima seguro vida,vida,0.6818319207981066
1,alteracao local segurado seguro residencial,seguro,0.6093722520458801
38,consultar dados seguro,seguro,0.8121236876260842
32,consultar ordem pagamento cambio,pagamento,0.5960460646925269
41,posso contratar seguro vida tempo,vida,0.6517514681253735
33,campanha seguro veiculo,veiculo,0.7379700786356662
40,consignado erro localizacao cpf,localizacao,0.6281124711396477
65,contratar seguro vida empresa,vida,0.6455972358307974
5,cancelamento seguro,seguro,0.9440855305366559
53,envio remessa cambio,remessa,0.6756143026869643
49,cliente bloqueio cpf receita,receita,0.6362908090947987
6,cancelar seguro cheque especial protegido,seguro,0.5699184548693033
62,abrir chamado cambio nao chegou,nao,0.6072650005778866
1,seguro cancelado antes meses,seguro,0.6373356623643853
26,acionar seguro viagem,viagem,0.7289971533864902
3,perda aluguel seguro residencial,seguro,0.6388241195430765
19,cadastrar seguro funeral,seguro,0.7066643884441985
16,cancelar proposta deseguro funeral,proposta,0.6687439573292907
9,incluir conjuge apolice seguro,seguro,0.6991237328223783
63,cartao credito uso pago somente fatura anuidade seguro protegido,uso,0.44604262058116545
5,cancelamento seguro minas,seguro,0.8677681663321668
73,quanto guincho seguro liberty,seguro,0.6110499675995652
78,mesa cambio,mesa,0.9240759030525455
5,cancelamento renovacao automatica seguro auto,seguro,0.6447029544020739
12,doc sinistro seguro,sinistro,0.8397493501960845
42,contratar seguro garantia contrato,seguro,0.6813508538750978
72,seguro nao debitado conta cliente,seguro,0.5552642199812833
1,cancelar seguros capitalizacao clientes falecidos,seguros,0.5539530276034142
5,cancelamento seguro,seguro,0.9440855305366559
33,campanha seguro auto,seguro,0.8292870392575201
31,fazer cpf aparece invalido,invalido,0.6340527971577704
2,quais seguradoras seguro auto,seguro,0.7816153888182488
28,central seguro auto,seguro,0.8266849852740542
38,consultar condicoes seguro renda,seguro,0.6557360240020295
26,quantas vezes pode acionar seguro protecao vida,vida,0.5090213761303491
10,cancelar seguro,seguro,0.9333222901041052
78,comprovante operacao cambio,operacao,0.7599232416589189
49,cliente cpf irregular receita federal,receita,0.6033411173888246
48,verificar cliente possui algum impeditivo receber cambio,verificar,0.47477711682146434
15,alteracao seguro,seguro,0.9666173627049752
39,agendar data debito seguro vida,vida,0.6311070036213344
10,cancelar seguro presamsitas,seguro,0.8951537042034017
65,cancelar seguro vida empresa,vida,0.6793274581442916
1,alteracao beneficiario seguro,seguro,0.7142864743122498
75,boleto seguro credito imobiliario,seguro,0.6309432239681211
3,seguro residencial ouve debito,seguro,0.7808751624584748
3,seguro residencial maior anos,seguro,0.6551084706805491
60,quail beneficio seguros vida durante campanha novembro azul,vida,0.4443498940463135
7,alterar cpf cnpj,cpf,0.7552043768628527
10,cancelar seguro vida,vida,0.7336339785205742
16,envio proposta seguro,seguro,0.702721819199018
1,incluir beneficiario seguro vida,vida,0.6670508714624223
78,investimento bloqueado operacao cambio,operacao,0.637353976778135
1,contratacao seguro,seguro,0.9682050894258538
65,seguro vida temporario,vida,0.9103319776950638
67,fazemos seguro taxista,taxista,0.7114952907969745
75,gerar boleto seguro credito imobiliario,seguro,0.5969261072695264
44,quais condicoes gerais seguro plano odonto especial,seguro,0.5034104891713509
50,canal acionamento seguro portecao credito consignado,seguro,0.5418600922994705
10,cancelar seguro atrelado previdencia,seguro,0.67879972899814
38,consultar devolucao cambio,devolucao,0.7858078032972796
67,seguro auto parcela debitada,seguro,0.7113868542345516
41,restricoes contratar seguro vida,vida,0.8066755688482222
65,seguro vida empresa cliente nao possui risco acumulado,vida,0.5031217071290446
65,cancelamento seguro vida empresa,vida,0.6592454516384445
65,realizar cancelamento seguro vida empresa,vida,0.5925053202049401
5,solicitar copia pedido cancelamento seguro,solicitar,0.5866506384685708
49,excluir vinculo cpf marido conta cliente,vinculo,0.5349763932201291
67,numero ligar seguro auto,seguro,0.7199958699949054
36,prazo utilizacao cobertura seguro vida diagnostico cancer prostata,vida,0.44044728879823897
42,identifico cpf atrelado contrato cartao,identifico,0.6146584225594396
26,acionar seguro perda roubo,seguro,0.612636526295284
32,consultar ordem cambio enviada,ordem,0.7228083916612648
53,criar remessa cambio,remessa,0.7772400340992647
3,altearacao endereco local segurado seguro residencial,seguro,0.5311004134968816
51,cancelamento seguro auxilio funeral,seguro,0.6653274277506498
21,fazer endosso veiculo zurich seguros,zurich,0.5491797198932807
58,regularizar cliente cpf suspenso,suspenso,0.6261516276456519
1,solicitar apolice seguro cartao protegido,solicitar,0.6155712924941606
78,emissao cambio,emissao,0.9177817981068
12,comoverificar posicao sinistro seguros,sinistro,0.6090327768800058
71,assistencia horas seguro patrimonial,seguro,0.6549764710236028
19,cadastrar operacao cambio,operacao,0.7132201162903234
10,cancelar seguro renovado automaticamente,seguro,0.6627647881023983
1,seguro vida albert einsten,vida,0.6764591947566881
30,solicitacao estorno seguro cartao,solicitacao,0.6924553352508838
34,endosso seguro,seguro,0.9589168234017476
10,cancelar seguro cartao,seguro,0.6963388507058608
11,fazer seguro empresa,seguro,0.7143262230944785
2,quais coberturas banco cobre seguro cartao credito,seguro,0.5228302037374976
38,consultar cambio,consultar,0.8353491802580312
32,consulta ordem pagamento cambio,pagamento,0.6214299849838573
65,cancelo seguro vida socio empresa,vida,0.6454385064175097
12,aviso sinistro seguro cartao completo,sinistro,0.631950978873257
18,idade maxima seguro empresa,seguro,0.6342968380485781
61,desconto seguro errado conta cliente,seguro,0.613537436191925
17,seguro fianca pessoa juridica,seguro,0.6832013189008562
33,campanha seguro auto,seguro,0.8292870392575201
10,cancelar seguro feito errado,seguro,0.6539512493943705
67,preciso fazer reagendamento seguro auto,seguro,0.6516228518114826
30,fraude seguros,seguros,0.873744534808465
3,alterar endereco seguro residencial,seguro,0.6800488440019754
12,carencia acionamento sinistro seguro residencial,sinistro,0.5855707927106809
72,abrir chamaodo sobre seguro nao debitado,sobre,0.5742420692267997
5,cancelamento seguro,seguro,0.9440855305366559
45,tarifa seguro cartao,tarifa,0.8511356314652481
21,fazer endosso cobertura seguros patrimonial,seguros,0.48811799196975475
71,endosso seguro patrimonial,seguro,0.7063377332283042
37,cliente quer fazer cancelameto seguro sob medida,sob,0.5209194569146955
5,cancelamento seguro vida,vida,0.7653713930977856
10,cancelar seguro cartao debito cliente falecido,seguro,0.670105054406146
6,cancelar seguro cheque protegido,seguro,0.6475719970757127
33,consultar codigo campanha seguro auto,seguro,0.6677953561202072
78,recepcao cambio,recepcao,0.9366519438757367
7,regularizo cpf invalido,regularizo,0.7195463475930455
72,seguro auto contratado nao debitado,seguro,0.614302525715888
72,seguro vida contratado nao debitado,vida,0.6228494327219746
2,quais modalidades seguro,seguro,0.8535272465150379
12,sinistro seguro residencial,sinistro,0.7342398133219199
1,funciona seguro,seguro,0.9737786199549163
2,quais restricoes seguro vida,vida,0.7938764191520526
17,seguros pessoa juridica,seguros,0.6517091599974086
18,idade maxima aceitavel fazer seguro vida,vida,0.6294866123751354
1,seguro roubo furto,seguro,0.7346061099085339
7,cartao credito vincular cpf cartao,vincular,0.6253753829098019
47,declaracao unificada seguro morte natural,unificada,0.5512988972916691
51,seguro vida auxilio funeral familiar,vida,0.5874221768471009
19,pode cadastrar numero celular conta cpf diferente,pode,0.5011045520137137
32,fechar ordem cambio,ordem,0.7818349137777334
6,seguro cheque especial protegido,seguro,0.6232745222609317
32,devolucao ordem pagamento cambio exterior,pagamento,0.5597243249889838
36,teto cobertura seguro,teto,0.8275844000703594
22,liquidar operacao cambio,operacao,0.7686679340355858
25,contratar seguro acidentes pessoais,seguro,0.6028167870819153
63,cartao cambio,cartao,0.7821058031189309
36,cobertura seguro auto,seguro,0.806353740472833
49,excluir restricao cpf,restricao,0.6795485725981864
5,cancelamento seguro exterior,seguro,0.8159244654304245
7,alteracao cpf beneficio inss,inss,0.6098285177225068
67,debito seguro auto nao realizado,seguro,0.6900598325035171
32,proceder ordem pagamento enviada consta planilha status cambio,status,0.4574794512221696
5,cancelamento seguro,seguro,0.9440855305366559
51,cancelar seguro auxilio funeral,seguro,0.6752603627521973
78,limite cliente select fazer cambio,select,0.6757954570503343
23,cliente reclama debito seguro conta,seguro,0.725257096306692
7,alterar cadastro cpf documento principal,principal,0.5326892705127708
16,proposta seguro vida analise,vida,0.7857480558501927
44,carencia seguro plano odonto especial,seguro,0.552438409841047
2,quais coberturas seguro,seguro,0.7264232920765769
54,vigencia seguro auto somente apos vistoria,vistoria,0.5313277302798093
48,receber ordem cambio,receber,0.7462260016163703
1,reduzir seguro vida,vida,0.9185030012381201
49,cpf restricao resolvo,restricao,0.6862817407156937
23,permitido abrir conta corrente corretores agentes seguro,seguro,0.480446677622327
45,tarifa cambio,tarifa,0.9099033006029205
12,abertura sinistro seguro residencial,sinistro,0.6656179359309633
59,valor tabela coberturas seguros vida,vida,0.6386352918902559
13,contratar seguro viagem,viagem,0.7277396364321749
54,consultar vistoria seguro,vistoria,0.7922097377823027
16,proposta adesao seguro cartao protegido,seguro,0.6544579760618036
26,quais situacoes posso acionar seguro vida,vida,0.58950476856675
41,contratar seguro celular,seguro,0.8312055852230501
7,transferir carta credito cpf cnpj,transferir,0.5247719553626913
7,alterar cpf cadastro pertence cliente,pertence,0.6227668657890529
14,colocar seguro debitado conta pagar boleto,seguro,0.5198812990721602
43,imprimir apolices seguros,seguros,0.749463051615423
22,encaminhar operacao cambio,operacao,0.7788137972479026
72,corrigir seguro debitado integralmente,seguro,0.6514042358284555
51,cancelar seguro auxilio funeral,seguro,0.6752603627521973
12,acionamento sinistro seguro vida,vida,0.7416898146388303
38,consultar porque ocorreu debito automatico seguro cliente,seguro,0.5486648523222224
78,enviar cambio,enviar,0.9207930852338977
1,material apoio seguro cartao protegido,seguro,0.6326784164669655
23,cancelar seguro conta terceiros,terceiros,0.7651327922623558
5,fazer cancelamento seguro dias,seguro,0.7760347077176796
1,ocorre teimosinha seguro vida,vida,0.6682523881961902
78,liquidacao cambio,liquidacao,0.9123707359908025
78,fazer seguro adquirencia,seguro,0.8670791042457894
11,regras seguro empresa,seguro,0.813009724944234
23,entender debito seguro conta,seguro,0.7803383743600946
49,retirar restricao cpf cliente,retirar,0.6224084643171461
43,imprimir via seguro cartao protegido,via,0.5786913262684956
67,seguro auto parcela atraso,seguro,0.7113868542345516
72,localizar seguro debitado conta,seguro,0.6919860912605512
41,seguro moto contratar,seguro,0.8312055852230501
78,verificar motivo liberacao cambio,verificar,0.6256617977497527
29,beneficios seguro cartao credito,seguro,0.7020329849089536
17,contratar cambio cliente pessoa fisica,pessoa,0.6282693243276272
65,ocorre renovacao seguro vida socio empresa,vida,0.5533905016002909
36,cobertura seguro cartao pregido,seguro,0.7767168861173458
1,carta verde seguros sul america,verde,0.4901118262379159
79,abrir conta operar cambio,operar,0.6342787077819931
28,contato central seguros,seguros,0.6898725610269422
37,cancelar seguro sob medida,sob,0.6516500208789179
8,envio exame medico seguro vida,vida,0.6159124005327098
25,acionar seguros acidentes pessoais,seguros,0.5307444826153548
78,fazer transferencia cambio,transferencia,0.8040186373519334
78,faco consultar cliente pode fazer cambio,pode,0.5641855960680427
78,transferencia cambio,transferencia,0.9277112926143989
32,quanto ordem cambio fica disponivel liquidacao,quanto,0.5264421672644513
65,cancelar seguro vida empresa,vida,0.6793274581442916
67,simular seguro auto,simular,0.8843641912679835
5,cancelamento seguro residencial,seguro,0.7095270424941977
48,receber cambio,receber,0.9075630735130888
26,procedimento acionar seguro enchentes,seguro,0.6764124936357104
18,idade maxima seguro vida empresa,vida,0.602509081476754
38,consultar debito seguro trata,trata,0.7329452885439864
10,cancelar seguro cartao credito,seguro,0.67516926762099
39,alterar data debito seguro residencial,seguro,0.5708450492623094
48,receber ordem cambio,receber,0.7462260016163703
65,simulador seguro vida empresa,vida,0.8086484333833746
13,funciona seguro viagem,viagem,0.7703971461214238
18,idade maxima seguro vida,vida,0.6818319207981066
66,carro alienando outro cpf,outro,0.6189465413178852
1,saber classe bonus seguro,seguro,0.6246932905000262
43,imprimir apolice seguro,seguro,0.7426205543353097
28,falar central area cambio,falar,0.6175029337941296
23,cancelar seguro limite conta,seguro,0.6931834255806971
78,compra recepcao cambio,recepcao,0.683611638601432
63,seguro cartao protegido cartao black,seguro,0.6508289318617115
16,cancelar proposta seguro auto dia apos efetivacao,seguro,0.5151697200927565
46,cliente recebendo cambio proceder,recebendo,0.6672552873393032
41,contratar seguro cartao,seguro,0.7504894944683659
29,beneficios seguro automoveis cartao platinum,seguro,0.6268892505175614
19,cadastrar ordem cambio,ordem,0.7373052454230759
58,regularizar cpf suspenso,suspenso,0.674612809161046
32,consultar ordem pagamento cambio,pagamento,0.5960460646925269
79,cliente consegue operar cambio ocorrendo mensagem excede limite diario,operar,0.39879172695217113
23,debito indevido seguro conta cliente,seguro,0.6798244064409754
71,cancelar seguro patrimonial feito dia,seguro,0.6280656443606623
67,debito seguro auto nao efetivado,seguro,0.6781681118179893
3,solicitar apolice seguro residencial,solicitar,0.6573302358678453
67,cotacao seguro auto,seguro,0.8347742677384754
10,cancelar seguro,seguro,0.9333222901041052
1,obrigatorio seguro agricola,seguro,0.733508756624942
30,seguros zurich telefone,zurich,0.6487217857270539
10,cancelar operacao cambio,operacao,0.7390309060431605
23,alterar conta corrente debito seguro,seguro,0.5897242752835306
23,seguro debitado conta corrente,seguro,0.640653648879176
67,comeca valer vigencia seguro auto,vigencia,0.5655129701339657
41,contratar seguro vida,vida,0.7841532130418193
41,contratar cambio mobile,mobile,0.8387992710469061
32,emitir ordem pagamento cambio,pagamento,0.673577949120772
73,telefone liberty seguros,telefone,0.659010390165163
26,acionar seguro familiar,seguro,0.7835501572395333
63,contrata seguro cartao,seguro,0.8923112714872372
15,alterar beneficiario seguro vida,vida,0.6972868075450958
10,cancelar seguro auto,seguro,0.6956820510853201
32,consulta ordem cambio,ordem,0.7373052454230759
65,cancelar seguro cartao empresa,seguro,0.6600611909388565
65,realizar cotacao seguro vida empresa trienal,vida,0.5746124214541262
78,fazar cambio,fazar,0.9426503083061593
63,seguro cartao credito,seguro,0.7869180387674889
6,cancelar seguro cheque protegido,seguro,0.6475719970757127
35,saber taxa cambio,taxa,0.6800986713400334
2,quais coberturas seguro vida,vida,0.6646922420768332
61,seguro auto funcionario desconto,seguro,0.7158399866950658
41,contratar seguro afalbetizado,seguro,0.8557028800342815
34,realizar operacao cambio,realizar,0.6662926234879026
13,quais cartoes possuem seguro viagem,viagem,0.6095938342135162
38,consultar apolice seguro alto,seguro,0.7426635852938187
59,reducao valor seguro vida,vida,0.7720909913466715
1,seguro vida caso sinisyto,vida,0.714344109412332
33,campanha seguro auto,seguro,0.8292870392575201
1,beneficiario,beneficiario,1.0
5,realizar cancelamento seguro residencial,seguro,0.6477572581407927
43,imprimir boleto seguro ficha compensacao,seguro,0.5636882204275904
32,quanto tempo ordem pagamento cambio credita,tempo,0.5557159682544687
48,receber ordem cambio,receber,0.7462260016163703
65,caracteristicas seguro vida socio,vida,0.6822367313960876
78,solicitar aument ode limite cambio,solicitar,0.5633918785339644
3,perda aluguel seguro residencial,seguro,0.6388241195430765
53,remessa cambio franca,remessa,0.8053671048584953
53,consultar remessa cambio,remessa,0.7077302044751472
78,perfil sistema cambio,sistema,0.7032541010236706
79,aumentar valor cliente operar cambio,valor,0.6079876189647301
54,agendar vistoria seguro autro,vistoria,0.6713795558569083
10,cancelar seguro,seguro,0.9333222901041052
78,fazer cambio,fazer,0.8390180387621189
1,cobre seguro habitacional,seguro,0.7285664338445593
24,solicitacao segunda via contrato seguro,via,0.5331821938355756
32,localizar ordem cambio,ordem,0.7745085899098744
2,coberturas seguro generico,seguro,0.7625221704331062
1,fazer alteracao titular seguro,titular,0.7301846216585967
1,segurado pode indicar beneficiario seguros protecao vida,vida,0.5270325038632093
67,debito seguro terceiro,terceiro,0.8329113263727032
44,caracteristicas seguro odonto,seguro,0.7146654247583186
42,banco realiza seguro contrato execucao obra,seguro,0.4808895546631148
28,central atendimento seguro viagem,viagem,0.6398788171645138
10,proceder cancelar seguro cartao basico,seguro,0.6297227662632932
6,cancelar seguro cheque especial protegido,seguro,0.5699184548693033
24,onde acho segunda via proposta seguro vida,vida,0.5491611026810029
61,seguro vida premiado garante desconto,vida,0.6080494231499154
35,taxa cobrada sacar cambio chile,taxa,0.5356407937114138
71,alterar endereco apolice seguro patrimonial generico,seguro,0.5162092591349664
43,imprimir apolice seguro previdencia,seguro,0.6327985566235563
48,receber cambio exterior,receber,0.6720531222034933
59,valor tarifas cobradas operacoes cambio conta juridica,valor,0.4815092889444221
23,saber seguro debitando conta corrente,seguro,0.6070008636711576
67,fazemos seguro auto taxista,taxista,0.6718610314821057
5,cancelamento seguro empresarial zurick,zurick,0.7491534329964399
12,consulta seguro sinistro,sinistro,0.7552682152737696
36,cobertura seguro cartao protegido,seguro,0.6798144147856875
19,cadastrar seguro cartao,seguro,0.8411587743900457
45,tarifa cobrada operacoes cambio,tarifa,0.6035461753494391
32,ordem pagamento cambio,pagamento,0.6868995785962037
79,onde vejo limite cliente operar cambio,vejo,0.5663620785087605
67,autorizacao debito seguro auto,seguro,0.7587370940025421
50,prazo acionamento seguro,seguro,0.712735896854944
64,guia remessa seguros,seguros,0.7183518479346858
38,consultar cambio devolvisd,devolvisd,0.8406928483771043
1,funciona alteracao valores seguro vida,vida,0.5944017806858545
53,consultar remessa cambio enviada,remessa,0.7061220266204146
15,incluir beneficiario seguro vida,vida,0.6670508714624223
78,operacoes cambio acima,operacoes,0.738321490226224
78,duvidas sobre cambio aparecendo processamento,sobre,0.5160633386753841
78,comprovante swift cambio,swift,0.7004406934500866
59,consultar valor parcela seguro endossado,valor,0.6470667081534354
16,necessario encaminhar proposta seguro assinada alteracao endosso,seguro,0.5099092228446954
25,cobre seguro acidentes pessoais,seguro,0.664811133459299
78,fazer operacao cambio cliente empresas,operacao,0.6561748059137531
9,senha acessar apolice seguro auto,senha,0.6224577835399244
41,contratar seguro cartao,seguro,0.7504894944683659
78,repatriar operacao cambio,repatriar,0.8068139706659885
35,taxa cambio,taxa,0.9075630735130888
21,seguro vida endosso fazer,vida,0.6560093899814139
28,central sul america seguro auto,sul,0.5964044028329077
5,cancelamento seguro vida empresarial,vida,0.7221818780750285
67,verificar motivo falta debito seguro,verificar,0.5757489734995602
24,onde imprimir segunda via apolice seguros,via,0.4693506000711017
1,alteracao valores seguro vida,vida,0.7150279587958112
12,abrir sinistro seguro residencial,sinistro,0.6296412069580334
7,quantidade maxima permitida consorcios cpf,quantidade,0.5249286503913475
38,consultar liquidacao cambio,liquidacao,0.7747082267968595
7,alterar cpf documento conversao cliente,documento,0.6101125894744103
74,alterar beneficiarios seguro,seguro,0.7822417863434401
53,remessa cambio pontual,remessa,0.8053671048584953
1,garantia veiculo precisa ser seguro favor banco,veiculo,0.45390061743132926
23,estornar seguro cartao debito conta corrente,seguro,0.6135706931639516
1,cancelo seguro,seguro,0.9799773585610235
41,contratar seguro cartao protegido,seguro,0.6104234155073379
44,cancelar seguro odonto especial,seguro,0.681302117317533
23,cai seguro conta,seguro,0.866344370611804
25,imprimir boleto seguro acidentes pessoais,seguro,0.5681578005694211
5,status cambio solicitado cancelamento,status,0.6867429782517831
7,alterar numero cpf cadastro cliente,numero,0.590551641413942
59,valor estorno seguro,valor,0.7133378326362062
30,autorizar seguros,seguros,0.8323244792129513
67,debito seguro auto nao efetivado,seguro,0.6781681118179893
78,operacao cambio especie dolar,operacao,0.6411292202264591
42,confirmo cpf vinculado contrato cartao,vinculado,0.6003224688693376
67,autorizacao debito seguro,seguro,0.8257881719319097
7,alterar cpf principal cadastro,principal,0.6175589413982417
13,seguro viagem bandeira master,viagem,0.659708578421852
16,possivel debitar proposta seguro auto conta poupanca,seguro,0.5532522893760506
25,idade maxima seguro acidentes pessoais,seguro,0.5443984612023347
4,bonus seguro,seguro,0.9752842317647376
78,liquidacao cambio,liquidacao,0.9123707359908025
71,seguro patrimonial mudanca endereco,seguro,0.7048002553569787
40,erro cpf nao consta base dados,nao,0.4710164000201103
1,antecipar parcelas seguro,seguro,0.7008872641649132
63,contratacao seguro cartao,seguro,0.8222124780762463
78,operacao cambio,operacao,0.8753169321794937
47,dar entrada seguro vida morte,vida,0.5853844481715959
40,seguro consta contratado,seguro,0.7036086766471927
78,cliente agencia realizar cambio pagamento pamento escola,realizar,0.4998049513572552
36,cobertura seguro cartao protegido,seguro,0.6798144147856875
5,cancelamento seguro residencia,seguro,0.8677681663321668
22,operacao cambio nao regularizada,regularizada,0.7244529292156621
16,proposta negada seguro,seguro,0.811076331913115
63,seguro cartao protegido,seguro,0.7344641024048792
31,preciso fazer resgate capitalizacao aparece erro cpf divergente,resgate,0.3960901464999598
23,debitar seguro conta terceiro,terceiro,0.6549062065745198
6,seguro cheque protegido,seguro,0.7441494809600826
10,cancelar seguro vida,vida,0.7336339785205742
44,quais caracteristicas seguro plano odonto especial,seguro,0.5149221351590916
1,seguro vida temporario decrescente,vida,0.6930548861949575
40,cpf consta base dados consignado,dados,0.4816331481618622
78,possivel fazer previdencias separadas cpf conjunta,separadas,0.5024715359296691
43,imprimir apolice seguro,seguro,0.7426205543353097
38,consultar apolice seguros patrimonial,seguros,0.5421446457359149
12,abrir sinistro seguro viagem,viagem,0.6116043529009094
18,idade seguro auto,seguro,0.8193532315672484
58,regularizar cpf divergente solicitacao resgate capitalizacao,solicitacao,0.4598945754468878
7,consulta cpf emissao boleto,emissao,0.5644235546207885
36,cobertura seguro emprestimo consignado,seguro,0.6763620604179612
36,seguro vida cobertura conjugue,vida,0.7872701116867258
1,contestar seguro indevido,seguro,0.7256079694798279
34,realizar endosso seguro,seguro,0.7202273220540799
35,valor taxa cambio,valor,0.7189193288519806
67,fazemos seguro taxi,taxi,0.7114952907969745
5,realizar cancelamento seguro cartao protegido,seguro,0.6001876222841117
12,abertura sinistro seguro falecimento,sinistro,0.6897801609204983
1,contratacao cdc seguro veiculo,veiculo,0.6334290606169748
2,seguro cartao protegido coberturas,seguro,0.6747153233098533
6,seguro cartao protegido,seguro,0.7344641024048792
32,liberar ordem cambio,ordem,0.799662634352866
15,incluir beneficiario seguro vida,vida,0.6670508714624223
24,solicitar segunda via apolice seguro,via,0.5447048874207087
72,seguro auto nao debitado,seguro,0.645462638397608
1,contratacao seguro,seguro,0.9682050894258538
1,cancelmaneto seguro cartao,seguro,0.8923112714872372
7,alterar cpf pertence cliente,pertence,0.7037870583961996
23,alterar conta debito seguro,seguro,0.5942719412934029
13,contratar seguro viagem agencia,viagem,0.7254472632864152
1,cdc seguro veiculo,veiculo,0.7305032382162101
78,cancelar venda cambio,venda,0.8510231004680295
13,seguro viagem cartao visa,visa,0.7615734103643428
28,fone central atendimento cambio funcionario,funcionario,0.5432086741290546
15,endosso seguro beneficiario,seguro,0.748875078573892
12,abrir sinistro seguro imobiliario,sinistro,0.6250548235427641
38,consultar debito seguro vida efetuado,vida,0.7047498116582581
13,direito seguro viagem mastercard,viagem,0.6845451587635665
59,realizar devolucao valor cambio origem,valor,0.5782728832860591
78,fazer seguro moto,seguro,0.8303396209125387
12,seguro auto sinistro,sinistro,0.791438857378226
1,erro cpf credito salario inss,salario,0.5589092965999984
78,solicitar comprovante cambio,solicitar,0.7297605776331304
72,seguro vida nao debitado,vida,0.6600719005513744
30,entra estorno cotna seguro cancelado,seguro,0.5771334745270545
6,cancelar cheque especial seguro protegido,seguro,0.5699184548693033
3,cancelar seguro residencial,seguro,0.7388659044619771
13,contratar seguro viagem,viagem,0.7277396364321749
73,guincho seguro auto sulamerica,sulamerica,0.6597498169096566
13,seguro cartao viagem,viagem,0.7852831734606952
26,acionar seguro viagem,viagem,0.7289971533864902
33,campanha seguro auto novembro,seguro,0.6766353933988248
21,alteracao endosso seguro vida,vida,0.6726455709407652
27,consultar remessa cambio devolvida pais origem,remessa,0.5430612979814621
1,constestacao seguro,seguro,0.984390291699974
67,localizar debito seguro,seguro,0.8194403770081691
59,seguro vida valor cobertura cliente pode ter concentracao,vida,0.5159188072165566
41,contratar seguro cartao protegido,seguro,0.6104234155073379
1,inclusao dependente seguro vida,vida,0.6802677544811414
67,autorizar debito seguro,seguro,0.8194403770081691
1,seguro compra protegida cartao,seguro,0.6776083920108628
24,pegar segunda via apolice seguro auto,via,0.5928531715369413
26,quantas vezes pode acionar seguro vida,vida,0.5476663379308504
12,abertura sinistro seguro incendio,sinistro,0.6628966194716189
56,consultar fechamento cambio,fechamento,0.7383065930513427
43,imprimir apolice seguro alto,seguro,0.7015266065819636
23,debito seguro realizado conta,seguro,0.7501834848358557
28,central atendimento sompo seguros,sompo,0.6415220997179562
47,carencia seguro vida morte natural,vida,0.5908818525911607
44,caracteristicas seguro empresarial,seguro,0.7441132846145557
4,debito automatico seguro,seguro,0.8194403770081691
49,desbloquear cartao credito bloqueio irregularidade cpf junto receita federal,receita,0.40408785846813994
58,regularizar cpf suspenso,suspenso,0.674612809161046
17,fechar cambio cliente pessoa fisica,pessoa,0.5681693532697314
30,estorno seguro cartao,seguro,0.8198456623381306
69,ordem cambio recebimento aluguel,recebimento,0.6463782754368277
62,abrir chamado seguro nao debitado,seguro,0.5520564575741742
69,declaracao recebimento seguro vida,vida,0.6967681637104678
12,abertura sinistro seguro cartao protegido,sinistro,0.6259514015399115
25,cancelar seguro acidentes pessoais,seguro,0.6243633765341048
60,pode participar campanha novembro azul seguro vida,vida,0.5405336972823334
7,alterar carta credito cpf cnpf,credito,0.6097735008032631
76,seguro tokio marine central,tokio,0.6309257285156668
41,contratar seguro vida socio,vida,0.7318916202866649
6,cobertura seguro cheque especial protegido,seguro,0.5289455252517887
71,cancelamento seguro patrimonial,seguro,0.7573189673114029
41,contratar cartao visa atrelado platinum,visa,0.5651119318348148
25,abrir sinistro seguro acidentes pessoais,sinistro,0.5201596112603264
37,taxista pode contratar seguro protecao sob medida,taxista,0.48958070226837247
1,carencias seguro vida,vida,0.9103319776950638
1,cancelmaneto seguro pra deficiente auditivo,seguro,0.5226049301873433
15,incluir beneficiario seguro vida,vida,0.6670508714624223
45,tarifa envio cambio,tarifa,0.7139222310600088
39,agendar seguro auto,seguro,0.858377129253732
51,seguro auxilio funeral pode ser contratado ate idade,ser,0.44944963305848523
67,seguro auto recusado,seguro,0.8843641912679835
71,cancelamento seguro patrimonial,seguro,0.7573189673114029
25,seguro acidentes pessoais coberturas,seguro,0.5741788731368297
4,cancelamento renovacao automatica seguro auto,seguro,0.6447029544020739
1,teimosinha seguro vida,vida,0.8982676085095138
1,seguro debitoui integralmente,seguro,0.7200843433269511
0,termo adesao assinatura contratos cambio,termo,0.5309434610796613
32,liberacao ordem pagamento cambio,pagamento,0.6647578460021446
1,tipos seguro,tipos,0.9826366342507208
30,estorno seguro cartao protegido debito,seguro,0.6065884737791548
71,seguro patrimonial condominio,seguro,0.8229022662480353
42,reimpressao contrato cambio pronto,reimpressao,0.6000610314677003
67,reagendar seguro auto,seguro,0.8779277565260463
71,quais regras seguro patrimonial,seguro,0.6987538441755391
54,necessario realizar vistoria previa contratacao seguro auto,vistoria,0.5413763777066614
67,fazer seguro auto motos,seguro,0.7810459391986888
5,fazer cancelamento seguro residencial,seguro,0.5786654396791561
1,seguro consorcio,seguro,0.9788802435784486
41,contratar seguro medico,seguro,0.8461706508863317
10,cancelar seguro auto,seguro,0.6956820510853201
7,pendencia cpf banco,pendencia,0.7058596676064215
18,idade maxima seguro vida socio empresa,vida,0.5178405152074208
3,sinsitro seguro residencial,sinsitro,0.8670791042457894
56,fechamento cambio,fechamento,0.8936446173074342
14,seguro residencial inquilino pagar aluguel,seguro,0.5882727343666556
42,contrato cambio pronto reimpressao,reimpressao,0.6000610314677003
32,pagamento seguro cartao protegido,seguro,0.6747153233098533
6,cancelar seguro cheque especial,seguro,0.638753023315055
71,alterar seguro patrimonial,seguro,0.7129294702733014
2,ver coberturas seguro sulamerica auto,ver,0.6219804760735556
33,campanha vigente seguro auto,vigente,0.7586411665762185
78,duvidas relacionadas teor procuracao liquidacao cambio,teor,0.47982234134474655
1,cliente fez previdencia aderiu seguro junto previdencia faco pra cancelar somente seguro atrelado previdencia contratada,somente,0.6501411394199424
1,coertura seguro desmoronamento,seguro,0.7015227990877357
28,numero central atendimento assistencia horas seguro patrimonial,seguro,0.4622657648485087
49,cliente consegue utilizar celular duas contas diferentes cpf diferentes,utilizar,0.6622253747237159
78,cadastro cambio,cambio,0.8869748108932939
38,consultar apolice seguro,seguro,0.722280842482982
41,contratar seguro vida socio,vida,0.7318916202866649
78,consigo fazer seguro cliente analfabeto,seguro,0.6611455620805738
44,cancelar seguro odonto,seguro,0.838179157154254
44,caracteristicas seguro auto sulamerica,sulamerica,0.6851750839978872
1,seguro danos fisicos imovel,seguro,0.6024523409801533
41,contratar seguro cartao completo,seguro,0.7631877742224843
2,quais coberturas seguro cdc protegido moto vidaemprego,vidaemprego,0.508929276426386
50,canal acionamento seguro protecao consignado total,total,0.5370584359052788
36,cobertura seguro auto peru,seguro,0.7765197917126907
74,possivel alterar beneficiario,possivel,0.6425537351007127
13,contratar seguro viagem,viagem,0.7277396364321749
10,cancelar seguro protegido cartao,seguro,0.6134311820132593
3,assistencia horas seguro residencial,seguro,0.6733860511276487
65,contratacao seguro vida empresa,vida,0.6891995280043374
43,imprimir apolice seguro empresarial,seguro,0.603128881232196
64,guia remessa seguros,seguros,0.7183518479346858
20,seguro auto nao efetivado,seguro,0.7507663169238129
67,debitar parcela seguro auto,seguro,0.6663110707223997
3,funciona seguro residencial,seguro,0.7997139584809644
38,consultar seguro,seguro,0.9489826587315336
10,cancelar seguro vida,vida,0.7336339785205742
59,valor capital segurado seguro,valor,0.6762052912126514
65,contratar seguro vida empresa,vida,0.6455972358307974
67,validade cotacao seguro auto,validade,0.7357430375106891
25,carencia seguro acidentes pessoais,seguro,0.6432895356498021
1,verificar cobranca seguro,verificar,0.7192200448419037
79,cadastrar cliente operar cambio,operar,0.6253230458000211
11,seguro empresa cotacoes,seguro,0.8525257015623144
30,teimosinha seguros,teimosinha,0.8451003417398217
35,consultar taxa seguro auto,taxa,0.7278586288775089
71,cancelar seguro patrimonial,seguro,0.7839767198332108
41,contratar seguros,seguros,0.7152097761257739
53,remessa cambio exterior,remessa,0.72075055255937
5,cancelamento seguro penhor rural,seguro,0.6453298535803286
34,realizar endosso seguro vida,vida,0.6613925324126285
27,consultar remessa cambio devolvida origem,remessa,0.5880155837991576
6,cancelar seguro cheque empresa protegido,seguro,0.5499631713357164
5,realizar cancelamento seguro vida,vida,0.6992612484124656
9,incluir eletronicos apolice seguro,seguro,0.7183693094427479
30,faco estorno seguro cancelado,seguro,0.6142064576774201
11,numero empresa sulamerica seguros,sulamerica,0.6033889106064405
7,transferir carta credito cpf cnpj,transferir,0.5247719553626913
71,sinistro seguro patrimonial,sinistro,0.6972139964573772
72,refere seguro debitado,seguro,0.8015262002094155
5,cancelamento seguro incendio residencial,seguro,0.752759950787929
28,central atendimento cambio,central,0.7071797981006507
6,consultar seguro cheque especial,seguro,0.6174881233430382
46,proceder cpf regular site receita,site,0.5274969402138804
73,quanto tempo cair seguro conta,tempo,0.5889775956542583
25,cancelar seguro acidentes pessoais,seguro,0.6243633765341048
36,cobertura seguro limite conta,seguro,0.6325391247809258
59,ver valor cota seguro,ver,0.652234238473891
43,imprimir apolice seguro,seguro,0.7426205543353097
73,seguro auto liberty quanto guincho,seguro,0.5837714152902623
7,alterar nome cpf gravame auto,nome,0.6046161703474561
0,configurar outlook,outlook,0.7071067811865476
13,fazer seguro viagem,viagem,0.7265867640137903
41,contratar seguro afalbetizado,seguro,0.8557028800342815
23,abertura conta corretora seguros,seguros,0.6772859120779661
12,fazer abertura sinistro seguro cartao,sinistro,0.6197260988101051
7,incluir cpf cadastro antigo,incluir,0.6666091317683651
66,seguro carro cartao platinum,seguro,0.6558488925239581
45,tarifa cambio,tarifa,0.9099033006029205
1,apolice seguro automovel,seguro,0.8371984555291446
5,cancelamento seguro residencial,seguro,0.7095270424941977
72,seguro auto nao debitado conta cliente,seguro,0.5194047277491859
72,efetivacao seguro nao debitado conta,seguro,0.65005027638888
67,seguro cancelado assim ocorreu debito,seguro,0.5744984964767774
60,valores seguro vida novembro azul,vida,0.5617275037974312
63,valores seguros cartao protegido cartao black,valores,0.5299667921145192
1,antecipacao seguro emprestimo,seguro,0.7200843433269511
59,solicitacao valor pagamento seguro consorcio,valor,0.5709665090245768
17,fechamento cambio pessoa juridica,pessoa,0.5899975200285362
2,quais coberturas seguro odontologico,seguro,0.7152909741634428
1,efetivar contratacao seguro,seguro,0.7762295252960123
59,fiz operacao cambio valor entrou aconteceu,valor,0.5093212329711367
25,abertura sinistro seguro acidentes pessoais,sinistro,0.5567475557857623
36,cobertura seguro vida,vida,0.8353953352481914
3,quais assistencias seguro residencial dose dupla,seguro,0.5420325362803424
62,chamado sobre seguro,sobre,0.7410465677536694
1,leliao veiculos,veiculos,0.7261272742122532
61,desconto mensalidade cartao platinum,platinum,0.5875596890325081
58,regularizar cpf resgate capitalizacao,resgate,0.5824116705508474
11,empresa liberada fazer cambio,liberada,0.7521910432282762
59,cambio enviado exterior outra parte recebera valor,valor,0.4505439453872384
23,quais regras conta corrente bloqueio irregularidade cpfcnpj junto receita federal,regras,0.35599213575914795
53,consulta remessa cambio,remessa,0.7114217606732682
5,cancelamento seguro auto,seguro,0.7295752826817212
39,agendar data debito seguro vida,vida,0.6311070036213344
3,alterar endereco seguro residencial,seguro,0.6800488440019754
23,cliente conta corrente conjunta quer fazer previdencia cada cpf,quer,0.4409485826872421
6,concelamento seguro cheque protegido,seguro,0.7729147874386136
1,entra estonor seguro,seguro,0.7200843433269511
41,contratar seguro incendio,seguro,0.8381705720363836
1,beneficiarios seguro,seguro,0.9745136163537825
1,entrar contato seguro vida,vida,0.7220230953388105
65,necessario emissao seguro vida,vida,0.679349457536436
2,editar coberturas seguro,seguro,0.8309331907403709
3,nao consigo cancelar seguro residencial,seguro,0.657966777966744
10,cancelar seguro cartao,seguro,0.6963388507058608
79,operar cambio,operar,0.9099033006029205
41,contratar seguro cartao protegido,seguro,0.6104234155073379
62,abrir chamado cambio nao chegou,nao,0.6072650005778866
28,tefefone central seguro,tefefone,0.8086830996124378
18,limite idade seguro residencia,seguro,0.6858247678777507
38,consultar pagina seguros intranet,seguros,0.6202454537041033
41,qualquer pessoa pode contratar seguro vida,vida,0.6387546560784167
33,campanha promocional seguro auto,seguro,0.7586411665762185
53,fazer devolucao remessa cambio,remessa,0.666083530697132
69,consultar recebimento cambio,recebimento,0.7565055944968505
1,conseguir numero apolice seguro imobiliario,seguro,0.593235999539999
67,verificar trata debito seguro,verificar,0.66758497021781
21,fazer cotacao seguro agricola,seguro,0.7001832639607266
34,alteracao endosso seguro alto,seguro,0.7017178063528858
62,abrir chamado seguro debitado,seguro,0.616244266563719
10,cancelar seguro penhor rural,seguro,0.6539512493943705
67,debitar seguro auto atraso,seguro,0.7007962715490424
54,vistoria seguro auto,vistoria,0.8376792591791468
67,autorizacao debito seguro,seguro,0.8257881719319097
8,envio cambio conta,envio,0.7187243120182212
24,liberacao via internet autorizacao seguro,via,0.5455038857539957
5,cancelamento seguro zurich minas,zurich,0.6888708160895615
1,quitar seguro vida,vida,0.9038056920729503
10,cancelar seguro feito junto previdencia,seguro,0.5745203166517312
73,quanto custa seguro vida,vida,0.7436794435314903
32,prazo liquidar ordem cambio,prazo,0.6408996297462767
60,seguro vida novembro azul,vida,0.6661704284959272
6,cancelamento seguro cheque especial protegido,seguro,0.5602065494593901
41,contratar seguro cartao,seguro,0.7504894944683659
65,consultar seguro vida socio empresa,vida,0.6356653642942132
5,realizar cancelamento seguro,seguro,0.7699376546064074
78,tel mesa cambio,tel,0.7147868602760333
54,reagendar vistoria seguro veiculo,vistoria,0.6233458301417741
24,segunda via apolice seguro auto,via,0.594993961610454
23,atualizo cpf conta corrente,cpf,0.6963071718855796
23,seguro cancelado assim ocorreu debito conta cliente,seguro,0.5194227470268279
21,fazer cotacao seguro generico,seguro,0.6481932402442835
23,efetivacao seguro conta incorreta cancelar,seguro,0.6488847982539743
60,campanha seguros novembro azul,seguros,0.5561432472778736
1,simular seguro generico empresas,simular,0.5984625911444793
4,cancelamento renovacao seguro auto automatico,seguro,0.6127570096947935
29,beneficios seguro vida,vida,0.8715648852848378
25,realizar cancelamento seguro acidentes pessoais,seguro,0.5217898643622627
78,identicar cambio,identicar,0.9426503083061593
6,cancelar seguro cheque especial,seguro,0.638753023315055
1,quero saber funciona seguro vida trienal,vida,0.5352223578431691
45,tarifa servicos cambio,tarifa,0.7177824515768095
7,alterar documento principal cpf cadastro,principal,0.5326892705127708
26,acionar seguro viagem,viagem,0.7289971533864902
30,estorno parcela seguro debitou apos cancelamento,seguro,0.5252808395303893
59,valor tarifas cobradas operacoes cambio,valor,0.5500435218765442
15,alteracao data seguro,seguro,0.7041484886594426
67,funciona transferencia bonus seguro auto,transferencia,0.591514559487089
79,cliente consgeue operar cambio,operar,0.7093191632810217
53,remessa cambio exterior brasil,remessa,0.6856048892648626
26,acionar seguro vida,vida,0.8429389978669524
41,contratar operacao cambio,operacao,0.7026512223895247
38,consultar vlr cambio vindo exterior,vlr,0.5875075517481515
27,remessa cambio devolvida pra conta,remessa,0.5635206585573698
1,recalcular cotacao seguro protecao empresarial generico,seguro,0.5308972344279878
12,abrir sinistro seguro,sinistro,0.7276460837712804
3,tipos seguro residencial,tipos,0.8549304197149247
19,cadastrar seguro viagem,viagem,0.7619367908708499
5,cancelamento seguro,seguro,0.9440855305366559
2,alterar valores coberturas terceiros seguro auto,valores,0.5631764112142812
67,procedimento seguro auto cancelado,seguro,0.6752790389668245
42,imprimir contrato cambio pronto,pronto,0.6299826984642746
60,seguro vida novembro azul,vida,0.6661704284959272
63,saber seguro cartao protegido,seguro,0.7259636947077757
25,cancelamento proposta seguro acidentes pessoais,seguro,0.5245464004523408
53,remessa cambio,remessa,0.8766779468514598
72,fiz seguro cliente debitado conta,seguro,0.6840742042032933
75,seguro habitacional credito imobiliario,seguro,0.6773895489978478
41,contratar seguro moto kawasaki,seguro,0.6966029137860916
31,quer dizer cpf invalido,quer,0.6166066905590187
3,quais assistencia seguro residencial,seguro,0.6881061602103882
5,cancelamento seguro auto,seguro,0.7295752826817212
43,imprimir apolice seguro vida,vida,0.6837011618914781
32,calcular conversao ordem pagamento recebida operacoes cambio,recebida,0.4863037529799593
41,contratar seguro vida,vida,0.7841532130418193
23,quero saber seguro sendo descontado conta corrente,sendo,0.4914625471629755
35,valor taxa emissao cambio,valor,0.609503264800329
64,gerar guia remessa capitalizacao seguros,seguros,0.5352054260406306
2,quais assistencias seguro auto allianz,seguro,0.6228947161691384
49,retirar restricao cpf cliente,retirar,0.6224084643171461
30,declaracao inexistente outros seguros,seguros,0.5784520732848376
6,cancelo seguro cheque especial,seguro,0.6940282978006459
26,procedimento acionar seguro,seguro,0.7676756369321743
6,quanto cobra seguro cheque especial,seguro,0.6380872186671206
5,fazer cancelamento seguro,seguro,0.7095270424941977
78,consultar sistema cliente autorizado fazer cambio,sistema,0.5904315398332777
59,verificar valor vindo exterior cambio,vindo,0.5872915233421089
78,alterar limite cambio,limite,0.7182301590231223
65,cancelar seguro vida empresa trienal,vida,0.7041407751076851
1,cliente fez previdencia atrelado previdencia fez seguro faco cancelar,seguro,0.6806717185222143
27,consultar ordem remessa cambio devolvida,remessa,0.6202806263202132
39,mudar data debito seguro,seguro,0.7411091515659717
49,retirar cpf pessoa grupo credito,retirar,0.5330923909648811
58,regularizar cpfcnpj cadastro cliente status regular receita federal,status,0.3973999093297388
1,servicos seguro empresarial,servicos,0.7735597965188844
31,resolvo cpf invalido,resolvo,0.7003339783117889
3,cancelar seguro residencial falecido,seguro,0.7760056842779159
20,seguro auto debitou,seguro,0.8544191936708336
10,cancelar seguro vida,vida,0.7336339785205742
74,alterar data vencimento seguro trienal,vencimento,0.5611764294439809
21,fazer seguro vida zurich,zurich,0.7687950580140256
65,cancelar seguro vida empresa,vida,0.6793274581442916
72,seguro debitado,seguro,0.9646348101570538
1,saber seguro descontando cliente,seguro,0.7359995471130174
76,endosso seguro auto tokyo marine,tokyo,0.642533306000605
1,aciono seguro desemprego,seguro,0.7200843433269511
1,efetuado pagamento premio seguros protecao vida,vida,0.5480646803465479
21,alteracao endosso seguro vida,vida,0.6726455709407652
9,fazer alteracao apolice seguro auto,seguro,0.5839774734507278
9,quanto tempo demora chegar apolice seguro auto,tempo,0.504007781505266
2,quais opcoes seguro vida socio,vida,0.6732978528309045
21,seguro vida fazer endosso,vida,0.6560093899814139
5,cancelamento seguro procuracao,seguro,0.8389258959972712
13,publico alvo seguro viagem cartao,viagem,0.6058764130652757
3,debito seguro residencial ocorreu,seguro,0.7306435417552372
59,endosso valor seguro empresarial,valor,0.6108641681631092
67,calcular seguro auto,seguro,0.8843641912679835
20,nao debitou seguro auto,seguro,0.7138239938298261
44,contratar seguro odonto,seguro,0.8006823037515503
55,fazer cotacao seguro,seguro,0.7848239632265513
56,fechamento operacao cambio,operacao,0.6936146384116798
78,custo emissao cambio,emissao,0.7463590422643185
28,central cambio,central,0.8936446173074342
12,abrir sinistro seguro,sinistro,0.7276460837712804
4,bonus renovacao seguro,seguro,0.711105768791436
73,seguros automoveis liberty seguros,seguros,0.6676282943072583
2,quais coberturas seguro acidentes viagens bandeira visa,visa,0.503768084854248
15,alteracao beneficiario seguro vida,vida,0.6648417790049524
59,valor cobrado seguro cheque especial,valor,0.6454743547689711
74,alterar beneficiario seguro vida,vida,0.6972868075450958
41,contratar seguro perda roubo cartoes,seguro,0.5491242261547655
0,configurar outlook,outlook,0.7071067811865476
19,cadastrar beneficiario seguro vida grupo,vida,0.6083058252400828
6,cancelar seguro cheque protegido,seguro,0.6475719970757127
20,nao debitou seguro auto dop cliente,seguro,0.6348498461670848
47,acionar seguro vida caso morte,vida,0.6004837589480101
1,obrigatoriedade seguro garantia veiculo,veiculo,0.6442067805123515
36,compreende cobertura vidros basico seguro auto,vidros,0.5480487243782733
67,seguro auto motoristas aplicativo celular,seguro,0.5703320353577698
9,solicitar apolice seguro auto,solicitar,0.6865262607234203
18,idade maxima contratacao seguro vida,vida,0.5781703415249709
25,seguro acidentes pessoais,seguro,0.6966203956236464
12,aviso sinistro seguro vida,vida,0.7815009740091907
19,cadastrar cambio,cambio,0.9031990598522613
68,consigo transferir investimentos cpfs,transferir,0.5652032503249447
30,estorno seguro auto cancelado,seguro,0.68015461503708
5,cancelamento seguro arrependimento,seguro,0.8790659598557502
74,alterar beneficiarios apolice seguro vida,vida,0.6363188262883768
52,cobranca seguro conta,seguro,0.8123218032968368
5,cancelamento seguro cartao reconhecimento,seguro,0.8036690414643055
1,incluir beneficiarios seguro vida emitido,vida,0.632617064945897
1,impressao seguro consorcio,seguro,0.7346061099085339
39,alterar data debito seguro,seguro,0.639377416788315
75,credito imobiliario reimpressao boleto seguro habitacional,seguro,0.5066265909815744
